timeLimit,LUA_MENU_GAME_RULES,LUA_MENU_RULES_TIME_LIMIT,LUA_MENU_RULES_TIME_LIMIT_DESC,commonOption,timeLimit,1,1,1,,1,1,1,1,,1,1,1,1,1,,,1,1,1,,LUA_MENU_RULES_UNLIMITED,0,LUA_MENU_RULES_5MINUTES,5,LUA_MENU_RULES_10MINUTES,10,LUA_MENU_RULES_20MINUTES,20,LUA_MENU_RULES_30MINUTES,30,,,,,,,,,,,,,,,,,
roundLengthSD,LUA_MENU_GAME_RULES,LUA_MENU_RULES_ROUND_LENGTH,LUA_MENU_RULES_ROUND_LENGTH_DESC,sdData,roundLength,,,,1,,,,,,,,,,,,,,,,,LUA_MENU_RULES_UNLIMITED,0,LUA_MENU_RULES_1MINUTE,1,LUA_MENU_RULES_1_25MINUTES,1.25,LUA_MENU_RULES_1_5MINUTES,1.5,LUA_MENU_RULES_2_5MINUTES,2.5,LUA_MENU_RULES_3MINUTES,3,LUA_MENU_RULES_5MINUTES,5,LUA_MENU_RULES_8MINUTES,8,,,,,,,,,,,
scoreLimitBlades1v1,LUA_MENU_GAME_RULES,LUA_MENU_RULES_SCORE_LIMIT,LUA_MENU_RULES_SCORE_LIMIT_DESC,commonOption,scoreLimit,,,,,,,,,,,1,1,,,,,,,,,LUA_MENU_RULES_UNLIMITED,0,LUA_MENU_RULES_1POINT,1,LUA_MENU_RULES_3POINTS,3,LUA_MENU_RULES_5POINTS,5,LUA_MENU_RULES_10POINTS,10,LUA_MENU_RULES_15POINTS,15,LUA_MENU_RULES_20POINTS,20,,,,,,,,,,,,,
scoreLimitFFA,LUA_MENU_GAME_RULES,LUA_MENU_RULES_SCORE_LIMIT,LUA_MENU_RULES_SCORE_LIMIT_DESC,commonOption,scoreLimit,1,,,,,,,,,,,,,,,,1,,,,LUA_MENU_RULES_UNLIMITED,0,LUA_MENU_RULES_10POINTS,10,LUA_MENU_RULES_15POINTS,15,LUA_MENU_RULES_30POINTS,30,LUA_MENU_RULES_50POINTS,50,LUA_MENU_RULES_75POINTS,75,,,,,,,,,,,,,,,
scoreLimitTWAR,LUA_MENU_GAME_RULES,LUA_MENU_RULES_SCORE_LIMIT,LUA_MENU_RULES_SCORE_LIMIT_DESC,commonOption,scoreLimit,,,,,,,,,,,,,,,,,,,,,LUA_MENU_RULES_UNLIMITED,0,LUA_MENU_RULES_1POINT,1,LUA_MENU_RULES_3POINTS,3,LUA_MENU_RULES_5POINTS,5,LUA_MENU_RULES_10POINTS,10,LUA_MENU_RULES_15POINTS,15,,,,,,,,,,,,,,,
scoreLimitTDM,LUA_MENU_GAME_RULES,LUA_MENU_RULES_SCORE_LIMIT,LUA_MENU_RULES_SCORE_LIMIT_DESC,commonOption,scoreLimit,,1,,,,,,,,,,,,,,,,,,,LUA_MENU_RULES_UNLIMITED,0,LUA_MENU_RULES_20POINTS,20,LUA_MENU_RULES_50POINTS,50,LUA_MENU_RULES_75POINTS,75,LUA_MENU_RULES_100POINTS,100,LUA_MENU_RULES_150POINTS,150,,,,,,,,,,,,,,,
scoreLimitSD,LUA_MENU_GAME_RULES,LUA_MENU_RULES_SCORE_LIMIT,LUA_MENU_RULES_SCORE_LIMIT_DESC,commonOption,scoreLimit,,,,1,,,,,,,,,1,,,,,,,,LUA_MENU_RULES_UNLIMITED,0,LUA_MENU_RULES_1POINT,1,LUA_MENU_RULES_2POINTS,2,LUA_MENU_RULES_4POINTS,4,LUA_MENU_RULES_6POINTS,6,LUA_MENU_RULES_8POINTS,8,LUA_MENU_RULES_12POINTS,12,,,,,,,,,,,,,
scoreLimitLockdown,LUA_MENU_GAME_RULES,LUA_MENU_RULES_SCORE_LIMIT,LUA_MENU_RULES_SCORE_LIMIT_DESC,commonOption,scoreLimit,,,,,,,,,,1,,,,,,,,,,,LUA_MENU_RULES_UNLIMITED,0,LUA_MENU_RULES_16POINTS,16,LUA_MENU_RULES_30POINTS,30,LUA_MENU_RULES_50POINTS,50,LUA_MENU_RULES_80POINTS,80,,,,,,,,,,,,,,,,,
scoreLimitDom,LUA_MENU_GAME_RULES,LUA_MENU_RULES_SCORE_LIMIT,LUA_MENU_RULES_SCORE_LIMIT_DESC,commonOption,scoreLimit,,,,,1,,,,,,,,,,,,,,,,LUA_MENU_RULES_UNLIMITED,0,LUA_MENU_RULES_50POINTS,50,LUA_MENU_RULES_100POINTS,100,LUA_MENU_RULES_200POINTS,200,LUA_MENU_RULES_500POINTS,500,LUA_MENU_RULES_750POINTS,750,,,,,,,,,,,,,,,
scoreLimitConf,LUA_MENU_GAME_RULES,LUA_MENU_RULES_SCORE_LIMIT,LUA_MENU_RULES_SCORE_LIMIT_DESC,commonOption,scoreLimit,,,,,,1,,,,,,,,,,,,,,,LUA_MENU_RULES_UNLIMITED,0,LUA_MENU_RULES_10POINTS,10,LUA_MENU_RULES_30POINTS,30,LUA_MENU_RULES_65POINTS,65,LUA_MENU_RULES_80POINTS,80,LUA_MENU_RULES_100POINTS,100,,,,,,,,,,,,,,,
scoreLimitInfect,LUA_MENU_GAME_RULES,LUA_MENU_RULES_SCORE_LIMIT,LUA_MENU_RULES_SCORE_LIMIT_DESC,commonOption,scoreLimit,,,,,,,,,1,,,,,,,,,,,,LUA_MENU_RULES_UNLIMITED,0,,,,,,,,,,,,,,,,,,,,,,,,,
scoreLimitCTF,LUA_MENU_GAME_RULES,LUA_MENU_RULES_CAPTURE_LIMIT,LUA_MENU_RULES_CAPTURE_LIMIT_DESC,commonOption,scoreLimit,,,,,,,1,,,,,,,,,,,,,,LUA_MENU_RULES_UNLIMITED,0,LUA_MENU_RULES_3POINTS,3,LUA_MENU_RULES_5POINTS,5,LUA_MENU_RULES_10POINTS,10,LUA_MENU_RULES_20POINTS,20,LUA_MENU_RULES_30POINTS,30,,,,,,,,,,,,,,,
scoreLimitHP,LUA_MENU_GAME_RULES,LUA_MENU_RULES_SCORE_LIMIT,LUA_MENU_RULES_SCORE_LIMIT_DESC,commonOption,scoreLimit,,,,,,,,1,,,,,,,,,,,,,LUA_MENU_RULES_UNLIMITED,0,LUA_MENU_RULES_75POINTS,75,LUA_MENU_RULES_150POINTS,150,LUA_MENU_RULES_250POINTS,250,LUA_MENU_RULES_300POINTS,300,LUA_MENU_RULES_500POINTS,500,,,,,,,,,,,,,,,
scoreLimitBall,LUA_MENU_GAME_RULES,LUA_MENU_RULES_SCORE_LIMIT,LUA_MENU_RULES_SCORE_LIMIT_DESC,commonOption,scoreLimit,,,1,,,,,,,,,,,,,,,,,,LUA_MENU_RULES_UNLIMITED,0,LUA_MENU_RULES_20POINTS,20,LUA_MENU_RULES_30POINTS,30,LUA_MENU_RULES_50POINTS,50,LUA_MENU_RULES_75POINTS,75,LUA_MENU_RULES_100POINTS,100,,,,,,,,,,,,,,,
scoreLimitDogfight,LUA_MENU_GAME_RULES,LUA_MENU_RULES_SCORE_LIMIT,LUA_MENU_RULES_SCORE_LIMIT_DESC,commonOption,scoreLimit,,,,,,,,,,,,,,,,,,1,,,LUA_MENU_RULES_UNLIMITED,0,LUA_MENU_RULES_20POINTS,20,LUA_MENU_RULES_25POINTS,25,LUA_MENU_RULES_30POINTS,30,LUA_MENU_RULES_35POINTS,35,LUA_MENU_RULES_40POINTS,40,LUA_MENU_RULES_50POINTS,50,,,,,,,,,,,,,
scoreLimitDogfightFFA,LUA_MENU_GAME_RULES,LUA_MENU_RULES_SCORE_LIMIT,LUA_MENU_RULES_SCORE_LIMIT_DESC,commonOption,scoreLimit,,,,,,,,,,,,,,,,,,,1,,LUA_MENU_RULES_UNLIMITED,0,LUA_MENU_RULES_5POINTS,5,LUA_MENU_RULES_10POINTS,10,LUA_MENU_RULES_15POINTS,15,LUA_MENU_RULES_20POINTS,20,LUA_MENU_RULES_25POINTS,25,LUA_MENU_RULES_30POINTS,30,LUA_MENU_RULES_35POINTS,,,,,,,,,,,,
roundLimitProp,LUA_MENU_GAME_RULES,LUA_MENU_RULES_ROUND_LIMIT,LUA_MENU_RULES_ROUND_LIMIT_DESC,commonOption,scoreLimit,,,,,,,,,,,,,,,,1,,,,,LUA_MENU_RULES_UNLIMITED,0,LUA_MENU_RULES_2ROUNDS,2,LUA_MENU_RULES_4ROUNDS,4,LUA_MENU_RULES_6ROUNDS,6,LUA_MENU_RULES_8ROUNDS,8,,,,,,,,,,,,,,,,,
bombTimerSD,LUA_MENU_GAME_RULES,LUA_MENU_RULES_BOMB_TIMER,LUA_MENU_RULES_BOMB_TIMER_DESC,sdData,bombTimer,,,,1,,,,,,,,,,,,,,,,,LUA_MENU_RULES_5SECONDS,5,LUA_MENU_RULES_15SECONDS,15,LUA_MENU_RULES_30SECONDS,30,LUA_MENU_RULES_45SECONDS,45,LUA_MENU_RULES_1MINUTE,60,,,,,,,,,,,,,,,,,
plantTimeSD,LUA_MENU_GAME_RULES,LUA_MENU_RULES_PLANT_TIME,LUA_MENU_RULES_PLANT_TIME_DESC,sdData,plantTime,,,,1,,,,,,,,,,,,,,,,,LUA_MENU_RULES_1SECOND,1,LUA_MENU_RULES_2_5SECONDS,2.5,LUA_MENU_RULES_5SECONDS,5,LUA_MENU_RULES_7_5SECONDS,7.5,LUA_MENU_RULES_10SECONDS,10,,,,,,,,,,,,,,,,,
defuseTimeSD,LUA_MENU_GAME_RULES,LUA_MENU_RULES_DEFUSE_TIME,LUA_MENU_RULES_DEFUSE_TIME_DESC,sdData,defuseTime,,,,1,,,,,,,,,,,,,,,,,LUA_MENU_RULES_1SECOND,1,LUA_MENU_RULES_2_5SECONDS,2.5,LUA_MENU_RULES_5SECONDS,5,LUA_MENU_RULES_7_5SECONDS,7.5,LUA_MENU_RULES_10SECONDS,10,,,,,,,,,,,,,,,,,
multiBombSD,LUA_MENU_GAME_RULES,LUA_MENU_RULES_MULTI_BOMB,LUA_MENU_RULES_MULTI_BOMB_DESC,sdData,multiBomb,,,,1,,,,,,,,,,,,,,,,,LUA_MENU_DISABLED,FALSE,LUA_MENU_ENABLED,TRUE,,,,,,,,,,,,,,,,,,,,,,,
roundSwitchSD,LUA_MENU_GAME_RULES,LUA_MENU_RULES_ROUND_SWITCH,LUA_MENU_RULES_ROUND_SWITCH_DESC,sdData,roundSwitch,,,,1,,,,,,,,,,,,,,,,,LUA_MENU_RULES_NEVER,0,LUA_MENU_RULES_EVERY_ROUND,1,LUA_MENU_RULES_EVERY_2ROUNDS,2,LUA_MENU_RULES_EVERY_3ROUNDS,3,LUA_MENU_RULES_EVERY_4ROUNDS,4,,,,,,,,,,,,,,,,,
silentPlantSD,LUA_MENU_GAME_RULES,LUA_MENU_RULES_SILENT_PLANT,LUA_MENU_RULES_SILENT_PLANT_DESC,sdData,silentPlant,,,,1,,,,,,,,,,,,,,,,,LUA_MENU_DISABLED,FALSE,LUA_MENU_ENABLED,TRUE,,,,,,,,,,,,,,,,,,,,,,,
bombTimerDEMO,LUA_MENU_GAME_RULES,LUA_MENU_RULES_BOMB_TIMER,LUA_MENU_RULES_BOMB_TIMER_DESC,demoData,bombTimer,,,,,,,,,,,,,1,,,,,,,,LUA_MENU_RULES_5SECONDS,5,LUA_MENU_RULES_15SECONDS,15,LUA_MENU_RULES_30SECONDS,30,LUA_MENU_RULES_45SECONDS,45,LUA_MENU_RULES_1MINUTE,60,,,,,,,,,,,,,,,,,
plantTimeDEMO,LUA_MENU_GAME_RULES,LUA_MENU_RULES_PLANT_TIME,LUA_MENU_RULES_PLANT_TIME_DESC,demoData,plantTime,,,,,,,,,,,,,1,,,,,,,,LUA_MENU_RULES_1SECOND,1,LUA_MENU_RULES_2_5SECONDS,2.5,LUA_MENU_RULES_5SECONDS,5,LUA_MENU_RULES_7_5SECONDS,7.5,LUA_MENU_RULES_10SECONDS,10,,,,,,,,,,,,,,,,,
defuseTimeDEMO,LUA_MENU_GAME_RULES,LUA_MENU_RULES_DEFUSE_TIME,LUA_MENU_RULES_DEFUSE_TIME_DESC,demoData,defuseTime,,,,,,,,,,,,,1,,,,,,,,LUA_MENU_RULES_1SECOND,1,LUA_MENU_RULES_2_5SECONDS,2.5,LUA_MENU_RULES_5SECONDS,5,LUA_MENU_RULES_7_5SECONDS,7.5,LUA_MENU_RULES_10SECONDS,10,,,,,,,,,,,,,,,,,
multiBombDEMO,LUA_MENU_GAME_RULES,LUA_MENU_RULES_MULTI_BOMB,LUA_MENU_RULES_MULTI_BOMB_DESC,demoData,multiBomb,,,,,,,,,,,,,1,,,,,,,,LUA_MENU_DISABLED,FALSE,LUA_MENU_ENABLED,TRUE,,,,,,,,,,,,,,,,,,,,,,,
roundSwitchDEMO,LUA_MENU_GAME_RULES,LUA_MENU_RULES_ROUND_SWITCH,LUA_MENU_RULES_ROUND_SWITCH_DESC,demoData,roundSwitch,,,,,,,,,,,,,1,,,,,,,,LUA_MENU_RULES_NEVER,0,LUA_MENU_RULES_EVERY_ROUND,1,LUA_MENU_RULES_EVERY_2ROUNDS,2,LUA_MENU_RULES_EVERY_3ROUNDS,3,LUA_MENU_RULES_EVERY_4ROUNDS,4,,,,,,,,,,,,,,,,,
silentPlantDEMO,LUA_MENU_GAME_RULES,LUA_MENU_RULES_SILENT_PLANT,LUA_MENU_RULES_SILENT_PLANT_DESC,demoData,silentPlant,,,,,,,,,,,,,1,,,,,,,,LUA_MENU_DISABLED,FALSE,LUA_MENU_ENABLED,TRUE,,,,,,,,,,,,,,,,,,,,,,,
extraTimeDEMO,LUA_MENU_GAME_RULES,LUA_MENU_RULES_EXTRA_TIME,LUA_MENU_RULES_EXTRA_TIME_DESC,demoData,extraTime,,,,,,,,,,,,,1,,,,,,,,LUA_MENU_RULES_30SECONDS,0.5,LUA_MENU_RULES_1MINUTE,1,LUA_MENU_RULES_1_5MINUTES,1.5,LUA_MENU_RULES_2MINUTES,2,LUA_MENU_RULES_2_5MINUTES,2.5,LUA_MENU_RULES_3MINUTES,3,LUA_MENU_RULES_5MINUTES,5,,,,,,,,,,,,,
numBallsBALL,LUA_MENU_GAME_RULES,LUA_MENU_RULES_NUM_BALLS,LUA_MENU_RULES_NUM_BALLS_DESC,ballData,numBalls,,,1,,,,,,,,,,,,,,,,,,LUA_MENU_1,1,LUA_MENU_2,2,LUA_MENU_3,3,LUA_MENU_4,4,LUA_MENU_5,5,,,,,,,,,,,,,,,,,
armorValueBALL,LUA_MENU_GAME_RULES,LUA_MENU_RULES_CARRIER_ARMOR,LUA_MENU_RULES_CARRIER_ARMOR_DESC,ballData,armorValue,,,1,,,,,,,,,,,,,,,,,,LUA_MENU_RULES_NONE,0,LUA_MENU_RULES_HALF,50,LUA_MENU_RULES_NORMAL,100,LUA_MENU_RULES_DOUBLE,200,,,,,,,,,,,,,,,,,,,
carryScoreBALL,LUA_MENU_GAME_RULES,LUA_MENU_RULES_CARRY_SCORE,LUA_MENU_RULES_CARRY_SCORE_DESC,ballData,carryScore,,,1,,,,,,,,,,,,,,,,,,LUA_MENU_1,1,LUA_MENU_2,2,LUA_MENU_3,3,LUA_MENU_4,4,LUA_MENU_5,5,LUA_MENU_6,6,LUA_MENU_7,7,LUA_MENU_8,8,LUA_MENU_9,9,,,,,,,,,
throwScoreBALL,LUA_MENU_GAME_RULES,LUA_MENU_RULES_THROW_SCORE,LUA_MENU_RULES_THROW_SCORE_DESC,ballData,throwScore,,,1,,,,,,,,,,,,,,,,,,LUA_MENU_1,1,LUA_MENU_2,2,LUA_MENU_3,3,LUA_MENU_4,4,LUA_MENU_5,5,LUA_MENU_6,6,LUA_MENU_7,7,LUA_MENU_8,8,LUA_MENU_9,9,,,,,,,,,
ballResetTimeBALL,LUA_MENU_GAME_RULES,LUA_MENU_RULES_RESET_TIME,LUA_MENU_RULES_RESET_TIME_DESC,ballData,ballResetTime,,,1,,,,,,,,,,,,,,,,,,LUA_MENU_RULES_10SECONDS,10,LUA_MENU_RULES_15SECONDS,15,LUA_MENU_RULES_20SECONDS,20,LUA_MENU_RULES_30SECONDS,30,LUA_MENU_RULES_45SECONDS,45,LUA_MENU_RULES_1MINUTE,60,,,,,,,,,,,,,,,
setbackLevelsGunGame,LUA_MENU_GAME_RULES,LUA_MENU_RULES_SETBACK_LEVELS,LUA_MENU_RULES_SETBACK_LEVELS_DESC,gunData,setbackLevels,,,,,,,,,,,,,,1,,,,,,,LUA_MENU_RULES_NONE,0,LUA_MENU_1,1,LUA_MENU_2,2,LUA_MENU_3,3,,,,,,,,,,,,,,,,,,,
weaponListGunGame,LUA_MENU_GAME_RULES,LUA_MENU_RULES_GUN_GAME_WEAPON_LIST,LUA_MENU_RULES_GUN_GAME_WEAPON_LIST_DESC,gunData,weaponList,,,,,,,,,,,,,,1,,,,,,,LUA_MENU_RULES_NORMAL,0,LUA_MENU_RULES_GUN_DIVISIONS,1,LUA_MENU_RULES_GUN_PYRO,2,LUA_MENU_RULES_GUN_CQC,3,LUA_MENU_RULES_GUN_MARKSMAN,4,LUA_MENU_RULES_RIFLES,5,LUA_MENU_RULES_SMGS,6,LUA_MENU_RULES_SNIPERS,7,LUA_MENU_RULES_LMGS,8,LUA_MENU_RULES_SHOTGUNS,9,LUA_MENU_RULES_PISTOLS,10,LUA_MENU_RULES_AKIMBO_PISTOLS,11,LUA_MENU_RULES_LAUNCHERS,12,
weaponOrderGunGame,LUA_MENU_GAME_RULES,LUA_MENU_RULES_GUN_GAME_WEAPON_ORDER,LUA_MENU_RULES_GUN_GAME_WEAPON_ORDER_DESC,gunData,weaponOrder,,,,,,,,,,,,,,1,,,,,,,LUA_MENU_RULES_NORMAL,0,LUA_MENU_RANDOM,1,LUA_MENU_RULES_REVERSE,2,,,,,,,,,,,,,,,,,,,,,
weaponAttachmentsGunGame,LUA_MENU_GAME_RULES,LUA_MENU_RULES_GUN_GAME_WEAPON_ATTACHMENTS,LUA_MENU_RULES_GUN_GAME_WEAPON_ATTACHMENTS_DESC,gunData,weaponAttachments,,,,,,,,,,,,,,1,,,,,,,LUA_MENU_ENABLED,1,LUA_MENU_DISABLED,0,,,,,,,,,,,,,,,,,,,,,,,
weaponListEndGunGame,LUA_MENU_GAME_RULES,LUA_MENU_RULES_GUN_GAME_WEAPON_LIST_END,LUA_MENU_RULES_GUN_GAME_WEAPON_LIST_END_DESC,gunData,weaponListEnd,,,,,,,,,,,,,,1,,,,,,,LUA_MENU_RULES_THROWING_KNIFE,0,LUA_MENU_RULES_LAUNCHER,1,LUA_MENU_RULES_AKIMBO_PISTOLS,2,LUA_MENU_RULES_RIFLE_BULLET,3,LUA_MENU_RULES_IRON_SIGHT,4,LUA_MENU_RULES_MOLOTOVS,5,LUA_MENU_RULES_FLAMETHROWER,6,LUA_MENU_RULES_SATCHELCHARGE,7,LUA_MENU_RULES_NONE,8,,,,,,,,,
cycleCountGunGame,LUA_MENU_GAME_RULES,LUA_MENU_RULES_GUN_GAME_CYCLE_COUNT,LUA_MENU_RULES_GUN_GAME_CYCLE_COUNT_DESC,gunData,cycleCount,,,,,,,,,,,,,,1,,,,,,,LUA_MENU_1,1,LUA_MENU_2,2,LUA_MENU_3,3,LUA_MENU_4,4,LUA_MENU_5,5,LUA_MENU_6,6,LUA_MENU_7,7,,,,,,,,,,,,,
useVariantsGunGame,LUA_MENU_GAME_RULES,LUA_MENU_RULES_GUN_GAME_USE_VARIANTS,LUA_MENU_RULES_GUN_GAME_USE_VARIANTS_DESC,gunData,useVariants,,,,,,,,,,,,,,1,,,,,,,LUA_MENU_DISABLED,0,LUA_MENU_ENABLED,1,,,,,,,,,,,,,,,,,,,,,,,
winConditionCTF,LUA_MENU_GAME_RULES,LUA_MENU_RULES_WIN_CONDITION,LUA_MENU_RULES_WIN_CONDITION_DESC,ctfData,winByCaptures,,,,,,,1,,,,,,,,,,,,,,LUA_MENU_RULES_ROUNDS_WON,FALSE,LUA_MENU_RULES_FLAG_CAPTURES,TRUE,,,,,,,,,,,,,,,,,,,,,,,
returnTimeCTF,LUA_MENU_GAME_RULES,LUA_MENU_RULES_RETURN_TIME,LUA_MENU_RULES_RETURN_TIME_DESC,ctfData,returnTime,,,,,,,1,,,,,,,,,,,,,,LUA_MENU_RULES_5SECONDS,5,LUA_MENU_RULES_15SECONDS,15,LUA_MENU_RULES_30SECONDS,30,LUA_MENU_RULES_45SECONDS,45,,,,,,,,,,,,,,,,,,,
pickupTimeCTF,LUA_MENU_GAME_RULES,LUA_MENU_RULES_PICKUP_TIME,LUA_MENU_RULES_PICKUP_TIME_DESC,ctfData,pickupTime,,,,,,,1,,,,,,,,,,,,,,LUA_MENU_RULES_NONE,0,LUA_MENU_RULES_1SECOND,1,LUA_MENU_RULES_2_5SECONDS,2.5,LUA_MENU_RULES_5SECONDS,5,LUA_MENU_RULES_7_5SECONDS,7.5,LUA_MENU_RULES_10SECONDS,10,,,,,,,,,,,,,,,
enemyCarrierIconCTF,LUA_MENU_GAME_RULES,LUA_MENU_RULES_CARRIER_ICON,LUA_MENU_RULES_CARRIER_ICON_DESC,ctfData,enemyCarrierIcon,,,,,,,1,,,,,,,,,,,,,,LUA_MENU_ENABLED,0,LUA_MENU_RULES_DELAYED,1,LUA_MENU_DISABLED,2,,,,,,,,,,,,,,,,,,,,,
extraTimeCTF,LUA_MENU_GAME_RULES,LUA_MENU_RULES_EXTRA_TIME_CTF,LUA_MENU_RULES_EXTRA_TIME_CTF_DESC,ctfData,extraTime,,,,,,,1,,,,,,,,,,,,,,LUA_MENU_DISABLED,0,LUA_MENU_RULES_30SECONDS,0.5,LUA_MENU_RULES_1MINUTE,1,LUA_MENU_RULES_1_5MINUTES,1.5,LUA_MENU_RULES_2MINUTES,2,LUA_MENU_RULES_2_5MINUTES,2.5,LUA_MENU_RULES_3MINUTES,3,,,,,,,,,,,,,
captureTimeDom,LUA_MENU_GAME_RULES,LUA_MENU_RULES_CAPTURE_TIME,LUA_MENU_RULES_CAPTURE_TIME_DESC,domData,captureTime,,,,,1,,,,,,,,,,,,,,,,LUA_MENU_RULES_1SECOND,1,LUA_MENU_RULES_2_5SECONDS,2.5,LUA_MENU_RULES_5SECONDS,5,LUA_MENU_RULES_7_5SECONDS,7.5,LUA_MENU_RULES_10SECONDS,10,,,,,,,,,,,,,,,,,
allowNeutralDom,LUA_MENU_GAME_RULES,LUA_MENU_RULES_ALLOW_NEUTRAL,LUA_MENU_RULES_ALLOW_NEUTRAL_DESC,domData,allowNeutral,,,,,1,,,,,,,,,,,,,,,,LUA_MENU_ENABLED,TRUE,LUA_MENU_DISABLED,FALSE,,,,,,,,,,,,,,,,,,,,,,,
halfTimeSwitchSidesDom,LUA_MENU_GAME_RULES,LUA_MENU_RULES_HALFTIME_SWITCH_SIDES,LUA_MENU_RULES_HALFTIME_SWITCH_SIDES_DESC,domData,halfTimeSwitchSides,,,,,1,,,,,,,,,,,,,,,,LUA_MENU_ENABLED,TRUE,LUA_MENU_DISABLED,FALSE,,,,,,,,,,,,,,,,,,,,,,,
captureTimeLockdown,LUA_MENU_GAME_RULES,LUA_MENU_RULES_CAPTURE_TIME,LUA_MENU_RULES_CAPTURE_TIME_DESC,lockdownData,captureTime,,,,,,,,,,1,,,,,,,,,,,LUA_MENU_RULES_1SECOND,1,LUA_MENU_RULES_2_5SECONDS,2.5,LUA_MENU_RULES_5SECONDS,5,LUA_MENU_RULES_7_5SECONDS,7.5,LUA_MENU_RULES_10SECONDS,10,,,,,,,,,,,,,,,,,
allowNeutralLockdown,LUA_MENU_GAME_RULES,LUA_MENU_RULES_ALLOW_NEUTRAL,LUA_MENU_RULES_ALLOW_NEUTRAL_DESC,lockdownData,allowNeutral,,,,,,,,,,1,,,,,,,,,,,LUA_MENU_ENABLED,TRUE,LUA_MENU_DISABLED,FALSE,,,,,,,,,,,,,,,,,,,,,,,
halfTimeSwitchSidesLockdown,LUA_MENU_GAME_RULES,LUA_MENU_RULES_HALFTIME_SWITCH_SIDES,LUA_MENU_RULES_HALFTIME_SWITCH_SIDES_DESC,lockdownData,halfTimeSwitchSides,,,,,,,,,,1,,,,,,,,,,,LUA_MENU_ENABLED,TRUE,LUA_MENU_DISABLED,FALSE,,,,,,,,,,,,,,,,,,,,,,,
initDelayHP,LUA_MENU_GAME_RULES,LUA_MENU_RULES_ACTIVE_DELAY,LUA_MENU_RULES_ACTIVE_DELAY_DESC,hpData,initDelay,,,,,,,,1,,,,,,,,,,,,,LUA_MENU_RULES_NONE,0,LUA_MENU_RULES_15SECONDS,15,LUA_MENU_RULES_30SECONDS,30,,,,,,,,,,,,,,,,,,,,,
randomZonesHP,LUA_MENU_GAME_RULES,LUA_MENU_RULES_LOCATION_ORDER,LUA_MENU_RULES_LOCATION_ORDER_DESC,hpData,randomZones,,,,,,,,1,,,,,,,,,,,,,LUA_MENU_RULES_NORMAL,FALSE,LUA_MENU_RANDOM,TRUE,,,,,,,,,,,,,,,,,,,,,,,
broadcasterEnabled,LUA_MENU_GAME_RULES,BROADCASTER_BUTTON,BROADCASTER_BUTTON_DESC,commonOption,broadcasterEnabled,0,1,1,1,1,1,1,1,1,1,1,0,1,1,0,1,0,0,0,,LUA_MENU_DISABLED,FALSE,LUA_MENU_ENABLED,TRUE,,,,,,,,,,,,,,,,,,,,,,,
captureObjectiveTime,LUA_MENU_OBJECTIVE_OPTIONS,LUA_MENU_RULES_RAID_CAPTURE_OBJECTIVE_TIME,LUA_MENU_RULES_RAID_CAPTURE_OBJECTIVE_TIME_DESC,raidData,capture_objectiveTime,,,,,,,,,,,,,,,1,,,,,,LUA_MENU_RULES_1MINUTE,1,LUA_MENU_RULES_2MINUTES,2,LUA_MENU_RULES_2_5MINUTES,2.5,LUA_MENU_RULES_3MINUTES,3,LUA_MENU_RULES_4MINUTES,4,LUA_MENU_RULES_4_5MINUTES,4.5,LUA_MENU_RULES_5MINUTES,5,LUA_MENU_RULES_10MINUTES,10,LUA_MENU_RULES_20MINUTES,20,LUA_MENU_RULES_30MINUTES,30,,,,,,,
captureTime,LUA_MENU_OBJECTIVE_OPTIONS,LUA_MENU_RULES_RAID_CAPTURE_TIME,LUA_MENU_RULES_RAID_CAPTURE_TIME_DESC,raidData,capture_time,,,,,,,,,,,,,,,1,,,,,,LUA_MENU_RULES_10SECONDS,10,LUA_MENU_RULES_15SECONDS,15,LUA_MENU_RULES_20SECONDS,20,LUA_MENU_RULES_25SECONDS,25,LUA_MENU_RULES_30SECONDS,30,LUA_MENU_RULES_35SECONDS,35,LUA_MENU_RULES_40SECONDS,40,LUA_MENU_RULES_45SECONDS,45,LUA_MENU_RULES_50SECONDS,50,LUA_MENU_RULES_55SECONDS,55,LUA_MENU_RULES_1MINUTE,60,,,,,
captureContestable,LUA_MENU_OBJECTIVE_OPTIONS,LUA_MENU_RULES_ESCORTCONTEST,LUA_MENU_RULES_ESCORTCONTEST_DESC,raidData,capture_contestable,,,,,,,,,,,,,,,1,,,,,,LUA_MENU_ENABLED,1,LUA_MENU_DISABLED,0,,,,,,,,,,,,,,,,,,,,,,,
captureReversable,LUA_MENU_OBJECTIVE_OPTIONS,LUA_MENU_RULES_REVERSABLE,LUA_MENU_RULES_REVERSABLE_DESC,raidData,capture_reversable,,,,,,,,,,,,,,,1,,,,,,LUA_MENU_ENABLED,1,LUA_MENU_DISABLED,0,,,,,,,,,,,,,,,,,,,,,,,
capture2xObjectiveTime,LUA_MENU_OBJECTIVE_OPTIONS,LUA_MENU_RULES_RAID_CAPTURE_OBJECTIVE_TIME,LUA_MENU_RULES_RAID_CAPTURE_OBJECTIVE_TIME_DESC,raidData,capture2x_objectiveTime,,,,,,,,,,,,,,,1,,,,,,LUA_MENU_RULES_1MINUTE,1,LUA_MENU_RULES_2MINUTES,2,LUA_MENU_RULES_2_5MINUTES,2.5,LUA_MENU_RULES_3MINUTES,3,LUA_MENU_RULES_4MINUTES,4,LUA_MENU_RULES_5MINUTES,5,LUA_MENU_RULES_6MINUTES,6,LUA_MENU_RULES_10MINUTES,10,LUA_MENU_RULES_20MINUTES,20,LUA_MENU_RULES_30MINUTES,30,,,,,,,
capture2xTime,LUA_MENU_OBJECTIVE_OPTIONS,LUA_MENU_RULES_RAID_CAPTURE_TIME,LUA_MENU_RULES_RAID_CAPTURE_TIME_DESC,raidData,capture2x_time,,,,,,,,,,,,,,,1,,,,,,LUA_MENU_RULES_10SECONDS,10,LUA_MENU_RULES_15SECONDS,15,LUA_MENU_RULES_22_5SECONDS,22.5,LUA_MENU_RULES_30SECONDS,30,LUA_MENU_RULES_45SECONDS,45,LUA_MENU_RULES_1MINUTE,60,,,,,,,,,,,,,,,
buildObjectiveTime,LUA_MENU_OBJECTIVE_OPTIONS,LUA_MENU_RULES_RAID_CAPTURE_OBJECTIVE_TIME,LUA_MENU_RULES_RAID_CAPTURE_OBJECTIVE_TIME_DESC,raidData,useHoldBuild_objectiveTime,,,,,,,,,,,,,,,1,,,,,,LUA_MENU_RULES_1MINUTE,1,LUA_MENU_RULES_2MINUTES,2,LUA_MENU_RULES_2_5MINUTES,2.5,LUA_MENU_RULES_3MINUTES,3,LUA_MENU_RULES_4MINUTES,4,LUA_MENU_RULES_4_5MINUTES,4.5,LUA_MENU_RULES_5MINUTES,5,LUA_MENU_RULES_10MINUTES,10,LUA_MENU_RULES_20MINUTES,20,LUA_MENU_RULES_30MINUTES,30,,,,,,,
buildUseHoldBuildTime,LUA_MENU_OBJECTIVE_OPTIONS,LUA_MENU_RULES_RAID_BUILD_TIME,LUA_MENU_RULES_RAID_BUILD_TIME_DESC,raidData,useHoldBuild_useTime,,,,,,,,,,,,,,,1,,,,,,LUA_MENU_RULES_20SECONDS,10,LUA_MENU_RULES_30SECONDS,15,LUA_MENU_RULES_45SECONDS,22.5,LUA_MENU_RULES_1MINUTE,30,LUA_MENU_RULES_1_5MINUTES,45,LUA_MENU_RULES_2MINUTES,60,,,,,,,,,,,,,,,
bombObjectiveTimeRaid,LUA_MENU_OBJECTIVE_OPTIONS,LUA_MENU_RULES_RAID_CAPTURE_OBJECTIVE_TIME,LUA_MENU_RULES_RAID_CAPTURE_OBJECTIVE_TIME_DESC,raidData,bomb_objectiveTime,,,,,,,,,,,,,,,1,,,,,,LUA_MENU_RULES_1MINUTE,1,LUA_MENU_RULES_2MINUTES,2,LUA_MENU_RULES_2_5MINUTES,2.5,LUA_MENU_RULES_3MINUTES,3,LUA_MENU_RULES_4MINUTES,4,LUA_MENU_RULES_4_5MINUTES,4.5,LUA_MENU_RULES_5MINUTES,5,LUA_MENU_RULES_10MINUTES,10,LUA_MENU_RULES_20MINUTES,20,LUA_MENU_RULES_30MINUTES,30,,,,,,,
bombTimerRaid,LUA_MENU_OBJECTIVE_OPTIONS,LUA_MENU_RULES_BOMB_TIMER,LUA_MENU_RULES_BOMB_TIMER_DESC,raidData,bomb_timer,,,,,,,,,,,,,,,1,,,,,,LUA_MENU_RULES_5SECONDS,5,LUA_MENU_RULES_10SECONDS,10,LUA_MENU_RULES_15SECONDS,15,LUA_MENU_RULES_20SECONDS,20,LUA_MENU_RULES_25SECONDS,25,LUA_MENU_RULES_30SECONDS,30,LUA_MENU_RULES_35SECONDS,35,LUA_MENU_RULES_40SECONDS,40,LUA_MENU_RULES_45SECONDS,45,LUA_MENU_RULES_50SECONDS,50,LUA_MENU_RULES_55SECONDS,55,LUA_MENU_RULES_1MINUTE,60,,,
bombPlantTimeRaid,LUA_MENU_OBJECTIVE_OPTIONS,LUA_MENU_RULES_PLANT_TIME,LUA_MENU_RULES_PLANT_TIME_DESC,raidData,bomb_plantTime,,,,,,,,,,,,,,,1,,,,,,LUA_MENU_RULES_1SECOND,1,LUA_MENU_RULES_3SECONDS,3,LUA_MENU_RULES_5SECONDS,5,LUA_MENU_RULES_7_5SECONDS,7.5,LUA_MENU_RULES_10SECONDS,10,LUA_MENU_RULES_15SECONDS,15,,,,,,,,,,,,,,,
bombDefuseTimeRaid,LUA_MENU_OBJECTIVE_OPTIONS,LUA_MENU_RULES_DEFUSE_TIME,LUA_MENU_RULES_DEFUSE_TIME_DESC,raidData,bomb_defuseTime,,,,,,,,,,,,,,,1,,,,,,LUA_MENU_RULES_1SECOND,1,LUA_MENU_RULES_3SECONDS,3,LUA_MENU_RULES_5SECONDS,5,LUA_MENU_RULES_7_5SECONDS,7.5,LUA_MENU_RULES_10SECONDS,10,LUA_MENU_RULES_15SECONDS,15,,,,,,,,,,,,,,,
escortObjectiveTime,LUA_MENU_OBJECTIVE_OPTIONS,LUA_MENU_RULES_RAID_CAPTURE_OBJECTIVE_TIME,LUA_MENU_RULES_RAID_CAPTURE_OBJECTIVE_TIME_DESC,raidData,escort_objectiveTime,,,,,,,,,,,,,,,1,,,,,,LUA_MENU_RULES_1MINUTE,1,LUA_MENU_RULES_2MINUTES,2,LUA_MENU_RULES_2_5MINUTES,2.5,LUA_MENU_RULES_3MINUTES,3,LUA_MENU_RULES_4MINUTES,4,LUA_MENU_RULES_4_5MINUTES,4.5,LUA_MENU_RULES_5MINUTES,5,LUA_MENU_RULES_10MINUTES,10,LUA_MENU_RULES_20MINUTES,20,LUA_MENU_RULES_30MINUTES,30,,,,,,,
escortForwardSpeed,LUA_MENU_OBJECTIVE_OPTIONS,LUA_MENU_RULES_ESCORTFWDSPEED,LUA_MENU_RULES_ESCORTFWDSPEED_DESC,raidData,escort_forwardSpeed,,,,,,,,,,,,,,,1,,,,,,LUA_MENU_RULES_ESCORTSLOWEST,1,LUA_MENU_RULES_ESCORTSLOWER,2,LUA_MENU_RULES_ESCORTSLOW,3,LUA_MENU_RULES_ESCORTNORMAL,3.5,LUA_MENU_RULES_ESCORTFAST,4,LUA_MENU_RULES_ESCORTFASTER,4.5,LUA_MENU_RULES_ESCORTFASTEST,5,,,,,,,,,,,,,
escortRollbackSpeed,LUA_MENU_OBJECTIVE_OPTIONS,LUA_MENU_RULES_ESCORTRVSSPEED,LUA_MENU_RULES_ESCORTRVSSPEED_DESC,raidData,escort_rollbackSpeed,,,,,,,,,,,,,,,1,,,,,,LUA_MENU_DISABLED,0,LUA_MENU_RULES_ESCORTSLOWEST,0.5,LUA_MENU_RULES_ESCORTSLOWER,1,LUA_MENU_RULES_ESCORTSLOW,1.25,LUA_MENU_RULES_ESCORTNORMAL,1.5,LUA_MENU_RULES_ESCORTFAST,1.75,LUA_MENU_RULES_ESCORTFASTER,2,LUA_MENU_RULES_ESCORTFASTEST,2.5,,,,,,,,,,,
escortTurretActive,LUA_MENU_OBJECTIVE_OPTIONS,LUA_MENU_RULES_ESCORTTURRET,LUA_MENU_RULES_ESCORTTURRET_DESC,raidData,escort_turretActive,,,,,,,,,,,,,,,1,,,,,,LUA_MENU_ENABLED,1,LUA_MENU_DISABLED,0,,,,,,,,,,,,,,,,,,,,,,,
escortContestType,LUA_MENU_OBJECTIVE_OPTIONS,LUA_MENU_RULES_ESCORTCONTEST,LUA_MENU_RULES_ESCORTCONTEST_DESC,raidData,escort_contestable,,,,,,,,,,,,,,,1,,,,,,LUA_MENU_ENABLED,1,LUA_MENU_DISABLED,0,,,,,,,,,,,,,,,,,,,,,,,
escort3xObjectiveTime,LUA_MENU_OBJECTIVE_OPTIONS,LUA_MENU_RULES_RAID_CAPTURE_OBJECTIVE_TIME,LUA_MENU_RULES_RAID_CAPTURE_OBJECTIVE_TIME_DESC,raidData,escort3x_objectiveTime,,,,,,,,,,,,,,,1,,,,,,LUA_MENU_RULES_1MINUTE,1,LUA_MENU_RULES_2MINUTES,2,LUA_MENU_RULES_2_5MINUTES,2.5,LUA_MENU_RULES_3MINUTES,3,LUA_MENU_RULES_4MINUTES,4,LUA_MENU_RULES_4_5MINUTES,4.5,LUA_MENU_RULES_5MINUTES,5,LUA_MENU_RULES_10MINUTES,10,LUA_MENU_RULES_20MINUTES,20,LUA_MENU_RULES_30MINUTES,30,,,,,,,
escort3xForwardSpeed,LUA_MENU_OBJECTIVE_OPTIONS,LUA_MENU_RULES_ESCORTFWDSPEED,LUA_MENU_RULES_ESCORTFWDSPEED_DESC,raidData,escort3x_forwardSpeed,,,,,,,,,,,,,,,1,,,,,,LUA_MENU_RULES_ESCORTSLOWEST,1,LUA_MENU_RULES_ESCORTSLOWER,2,LUA_MENU_RULES_ESCORTSLOW,3,LUA_MENU_RULES_ESCORTNORMAL,3.5,LUA_MENU_RULES_ESCORTFAST,4,LUA_MENU_RULES_ESCORTFASTER,4.5,LUA_MENU_RULES_ESCORTFASTEST,5,,,,,,,,,,,,,
escort3xRollbackSpeed,LUA_MENU_OBJECTIVE_OPTIONS,LUA_MENU_RULES_ESCORTRVSSPEED,LUA_MENU_RULES_ESCORTRVSSPEED_DESC,raidData,escort3x_rollbackSpeed,,,,,,,,,,,,,,,1,,,,,,LUA_MENU_DISABLED,0,LUA_MENU_RULES_ESCORTSLOWEST,0.5,LUA_MENU_RULES_ESCORTSLOWER,1,LUA_MENU_RULES_ESCORTSLOW,1.25,LUA_MENU_RULES_ESCORTNORMAL,1.5,LUA_MENU_RULES_ESCORTFAST,1.75,LUA_MENU_RULES_ESCORTFASTER,2,LUA_MENU_RULES_ESCORTFASTEST,2.5,,,,,,,,,,,
escort3xturretActive,LUA_MENU_OBJECTIVE_OPTIONS,LUA_MENU_RULES_ESCORTTURRET,LUA_MENU_RULES_ESCORTTURRET_DESC,raidData,escort3x_turretActive,,,,,,,,,,,,,,,1,,,,,,LUA_MENU_ENABLED,1,LUA_MENU_DISABLED,0,,,,,,,,,,,,,,,,,,,,,,,
escort3xContestType,LUA_MENU_OBJECTIVE_OPTIONS,LUA_MENU_RULES_ESCORTCONTEST,LUA_MENU_RULES_ESCORTCONTEST_DESC,raidData,escort3x_contestable,,,,,,,,,,,,,,,1,,,,,,LUA_MENU_ENABLED,1,LUA_MENU_DISABLED,0,,,,,,,,,,,,,,,,,,,,,,,
ctfObjectiveTime,LUA_MENU_OBJECTIVE_OPTIONS,LUA_MENU_RULES_RAID_CAPTURE_OBJECTIVE_TIME,LUA_MENU_RULES_RAID_CAPTURE_OBJECTIVE_TIME_DESC,raidData,ctf_objectiveTime,,,,,,,,,,,,,,,1,,,,,,LUA_MENU_RULES_1MINUTE,1,LUA_MENU_RULES_2MINUTES,2,LUA_MENU_RULES_2_5MINUTES,2.5,LUA_MENU_RULES_3MINUTES,3,LUA_MENU_RULES_4MINUTES,4,LUA_MENU_RULES_4_5MINUTES,4.5,LUA_MENU_RULES_5MINUTES,5,LUA_MENU_RULES_10MINUTES,10,LUA_MENU_RULES_20MINUTES,20,LUA_MENU_RULES_30MINUTES,30,,,,,,,
ctfDroppedFlagPickupTime,LUA_MENU_OBJECTIVE_OPTIONS,LUA_MENU_RULES_DROPPED_FLAG_PICKUP,LUA_MENU_RULES_DROPPED_FLAG_PICKUP_DESC,raidData,ctf_droppedFlagPickupTime,,,,,,,,,,,,,,,1,,,,,,LUA_MENU_RULES_NONE,0,LUA_MENU_RULES_RAID_QUARTER_SECOND,0.25,LUA_MENU_RULES_RAID_HALF_SECOND,0.5,LUA_MENU_RULES_1SECOND,1,LUA_MENU_RULES_2_5SECONDS,2.5,LUA_MENU_RULES_5SECONDS,5,LUA_MENU_RULES_7_5SECONDS,7.5,LUA_MENU_RULES_10SECONDS,10,,,,,,,,,,,
ctfFlagPickupTime,LUA_MENU_OBJECTIVE_OPTIONS,LUA_MENU_RULES_PICKUP_TIME,LUA_MENU_RULES_PICKUP_TIME_DESC,raidData,ctf_flagPickupTime,,,,,,,,,,,,,,,1,,,,,,LUA_MENU_RULES_NONE,0,LUA_MENU_RULES_RAID_QUARTER_SECOND,0.25,LUA_MENU_RULES_RAID_HALF_SECOND,0.5,LUA_MENU_RULES_1SECOND,1,LUA_MENU_RULES_2_5SECONDS,2.5,LUA_MENU_RULES_5SECONDS,5,LUA_MENU_RULES_7_5SECONDS,7.5,LUA_MENU_RULES_10SECONDS,10,,,,,,,,,,,
ctfFlagCaptureTime,LUA_MENU_OBJECTIVE_OPTIONS,LUA_MENU_RULES_CAPTURE_TIME,LUA_MENU_RULES_CAPTURE_TIME_DESC,raidData,ctf_flagCaptureTime,,,,,,,,,,,,,,,1,,,,,,LUA_MENU_RULES_NONE,0,LUA_MENU_RULES_RAID_QUARTER_SECOND,0.25,LUA_MENU_RULES_RAID_HALF_SECOND,0.5,LUA_MENU_RULES_1SECOND,1,LUA_MENU_RULES_2_5SECONDS,2.5,LUA_MENU_RULES_5SECONDS,5,LUA_MENU_RULES_7_5SECONDS,7.5,LUA_MENU_RULES_10SECONDS,10,,,,,,,,,,,
ctfFlagReturnTime,LUA_MENU_OBJECTIVE_OPTIONS,LUA_MENU_RULES_ATTACKERS_RETURN_TIME,LUA_MENU_RULES_ATTACKERS_RETURN_TIME_DESC,raidData,ctf_flagReturnTime,,,,,,,,,,,,,,,1,,,,,,LUA_MENU_RULES_NONE,0,LUA_MENU_RULES_RAID_QUARTER_SECOND,0.25,LUA_MENU_RULES_RAID_HALF_SECOND,0.5,LUA_MENU_RULES_1SECOND,1,LUA_MENU_RULES_2_5SECONDS,2.5,LUA_MENU_RULES_5SECONDS,5,LUA_MENU_RULES_7_5SECONDS,7.5,LUA_MENU_RULES_10SECONDS,10,,,,,,,,,,,
ctfAutoReturnTime,LUA_MENU_OBJECTIVE_OPTIONS,LUA_MENU_RULES_FLAG_AUTORESET,LUA_MENU_RULES_FLAG_AUTORESET_DESC,raidData,ctf_autoReturnTime,,,,,,,,,,,,,,,1,,,,,,LUA_MENU_RULES_5SECONDS,5,LUA_MENU_RULES_15SECONDS,15,LUA_MENU_RULES_30SECONDS,30,LUA_MENU_RULES_45SECONDS,45,,,,,,,,,,,,,,,,,,,
ctfPingFlagCarrier,LUA_MENU_OBJECTIVE_OPTIONS,LUA_MENU_RULES_PING_FLAG_CARRIER,LUA_MENU_RULES_PING_FLAG_CARRIER_DESC,raidData,ctf_pingFlagCarrier,,,,,,,,,,,,,,,1,,,,,,LUA_MENU_DISABLED,0,LUA_MENU_ENABLED,1,,,,,,,,,,,,,,,,,,,,,,,
ctfObjectiveScoreGoal,LUA_MENU_OBJECTIVE_OPTIONS,LUA_MENU_RULES_CAPTURE_LIMIT,LUA_MENU_RULES_RAID_CAPTURE_LIMIT_DESC,raidData,ctf_objectiveScoreGoal,,,,,,,,,,,,,,,1,,,,,,LUA_MENU_1,1,LUA_MENU_2,2,LUA_MENU_3,3,LUA_MENU_4,4,LUA_MENU_5,5,,,,,,,,,,,,,,,,,
ctfThrowDistance,LUA_MENU_OBJECTIVE_OPTIONS,LUA_MENU_RULES_RAID_THROW_DISTANCE,LUA_MENU_RULES_RAID_THROW_DISTANCE_DESC,raidData,ctf_throwDistance,,,,,,,,,,,,,,,1,,,,,,LUA_MENU_RULES_SHORTEST,0.5,LUA_MENU_RULES_SHORT,0.85,LUA_MENU_RULES_NORMAL,1,LUA_MENU_RULES_FAR,1.25,LUA_MENU_RULES_FURTHER,1.5,LUA_MENU_RULES_FURTHEST,2,,,,,,,,,,,,,,,
destroyObjectiveTime,LUA_MENU_OBJECTIVE_OPTIONS,LUA_MENU_RULES_RAID_CAPTURE_OBJECTIVE_TIME,LUA_MENU_RULES_RAID_CAPTURE_OBJECTIVE_TIME_DESC,raidData,destroy_objectiveTime,,,,,,,,,,,,,,,1,,,,,,LUA_MENU_RULES_1MINUTE,1,LUA_MENU_RULES_2MINUTES,2,LUA_MENU_RULES_2_5MINUTES,2.5,LUA_MENU_RULES_3MINUTES,3,LUA_MENU_RULES_4MINUTES,4,LUA_MENU_RULES_4_5MINUTES,4.5,LUA_MENU_RULES_5MINUTES,5,LUA_MENU_RULES_10MINUTES,10,LUA_MENU_RULES_20MINUTES,20,LUA_MENU_RULES_30MINUTES,30,,,,,,,
destroyObjectHealthPercent,LUA_MENU_OBJECTIVE_OPTIONS,LUA_MENU_RULES_RAID_OBJECT_HEALTH,LUA_MENU_RULES_RAID_OBJECT_HEALTH_DESC,raidData,destroy_objectHealthPercent,,,,,,,,,,,,,,,1,,,,,,LUA_MENU_RULES_HEALTH_50,50,LUA_MENU_RULES_HEALTH_100,100,LUA_MENU_RULES_HEALTH_125,125,LUA_MENU_RULES_HEALTH_150,150,LUA_MENU_RULES_HEALTH_200,200,LUA_MENU_RULES_HEALTH_300,300,,,,,,,,,,,,,,,
multiBombObjectiveTimeRaid,LUA_MENU_OBJECTIVE_OPTIONS,LUA_MENU_RULES_RAID_CAPTURE_OBJECTIVE_TIME,LUA_MENU_RULES_RAID_CAPTURE_OBJECTIVE_TIME_DESC,raidData,multibomb_objectiveTime,,,,,,,,,,,,,,,1,,,,,,LUA_MENU_RULES_1MINUTE,1,LUA_MENU_RULES_2MINUTES,2,LUA_MENU_RULES_2_5MINUTES,2.5,LUA_MENU_RULES_3MINUTES,3,LUA_MENU_RULES_4MINUTES,4,LUA_MENU_RULES_5MINUTES,5,LUA_MENU_RULES_6MINUTES,6,LUA_MENU_RULES_10MINUTES,10,LUA_MENU_RULES_20MINUTES,20,LUA_MENU_RULES_30MINUTES,30,,,,,,,
multibombObjectiveAddTime,LUA_MENU_OBJECTIVE_OPTIONS,LUA_MENU_RULES_RAID_MULTIBOMB_OBJECTIVE_ADD_TIME,LUA_MENU_RULES_RAID_MULTIBOMB_OBJECTIVE_ADD_TIME_DESC,raidData,multibomb_objectiveAddTime,,,,,,,,,,,,,,,1,,,,,,LUA_MENU_RULES_0SECONDS,0,LUA_MENU_RULES_5SECONDS,5,LUA_MENU_RULES_10SECONDS,10,LUA_MENU_RULES_15SECONDS,15,LUA_MENU_RULES_30SECONDS,30,LUA_MENU_RULES_45SECONDS,45,LUA_MENU_RULES_1MINUTE,60,LUA_MENU_RULES_1_25MINUTES,75,LUA_MENU_RULES_1_5MINUTES,90,LUA_MENU_RULES_2MINUTES,120,LUA_MENU_RULES_2_5MINUTES,150,LUA_MENU_RULES_3MINUTES,180,LUA_MENU_RULES_4MINUTES,240,
flagsObjectiveTime,LUA_MENU_OBJECTIVE_OPTIONS,LUA_MENU_RULES_RAID_CAPTURE_OBJECTIVE_TIME,LUA_MENU_RULES_RAID_CAPTURE_OBJECTIVE_TIME_DESC,raidData,flags_objectiveTime,,,,,,,,,,,,,,,1,,,,,,LUA_MENU_RULES_1MINUTE,1,LUA_MENU_RULES_2MINUTES,2,LUA_MENU_RULES_2_5MINUTES,2.5,LUA_MENU_RULES_3MINUTES,3,LUA_MENU_RULES_4MINUTES,4,LUA_MENU_RULES_4_5MINUTES,4.5,LUA_MENU_RULES_5MINUTES,5,LUA_MENU_RULES_10MINUTES,10,LUA_MENU_RULES_20MINUTES,20,LUA_MENU_RULES_30MINUTES,30,,,,,,,
flagsRaiseTime0,LUA_MENU_OBJECTIVE_OPTIONS,LUA_MENU_RULES_RAID_FLAGS_OBJECTIVE_RAISE_TIME_0,LUA_MENU_RULES_RAID_FLAGS_OBJECTIVE_RAISE_TIME_DESC,raidData,flags_raiseTime_0,,,,,,,,,,,,,,,1,,,,,,LUA_MENU_RULES_2_5SECONDS,2.5,LUA_MENU_RULES_5SECONDS,5,LUA_MENU_RULES_7_5SECONDS,7.5,LUA_MENU_RULES_10SECONDS,10,LUA_MENU_RULES_15SECONDS,15,LUA_MENU_RULES_20SECONDS,20,LUA_MENU_RULES_25SECONDS,25,LUA_MENU_RULES_30SECONDS,30,,,,,,,,,,,
flagsRaiseTime1,LUA_MENU_OBJECTIVE_OPTIONS,LUA_MENU_RULES_RAID_FLAGS_OBJECTIVE_RAISE_TIME_1,LUA_MENU_RULES_RAID_FLAGS_OBJECTIVE_RAISE_TIME_DESC,raidData,flags_raiseTime_1,,,,,,,,,,,,,,,1,,,,,,LUA_MENU_RULES_2_5SECONDS,2.5,LUA_MENU_RULES_5SECONDS,5,LUA_MENU_RULES_7_5SECONDS,7.5,LUA_MENU_RULES_10SECONDS,10,LUA_MENU_RULES_15SECONDS,15,LUA_MENU_RULES_20SECONDS,20,LUA_MENU_RULES_25SECONDS,25,LUA_MENU_RULES_30SECONDS,30,,,,,,,,,,,
flagsRaiseTime2,LUA_MENU_OBJECTIVE_OPTIONS,LUA_MENU_RULES_RAID_FLAGS_OBJECTIVE_RAISE_TIME_2,LUA_MENU_RULES_RAID_FLAGS_OBJECTIVE_RAISE_TIME_DESC,raidData,flags_raiseTime_2,,,,,,,,,,,,,,,1,,,,,,LUA_MENU_RULES_2_5SECONDS,2.5,LUA_MENU_RULES_5SECONDS,5,LUA_MENU_RULES_7_5SECONDS,7.5,LUA_MENU_RULES_10SECONDS,10,LUA_MENU_RULES_15SECONDS,15,LUA_MENU_RULES_20SECONDS,20,LUA_MENU_RULES_25SECONDS,25,LUA_MENU_RULES_30SECONDS,30,,,,,,,,,,,
flagsRaiseTime3,LUA_MENU_OBJECTIVE_OPTIONS,LUA_MENU_RULES_RAID_FLAGS_OBJECTIVE_RAISE_TIME_3,LUA_MENU_RULES_RAID_FLAGS_OBJECTIVE_RAISE_TIME_DESC,raidData,flags_raiseTime_3,,,,,,,,,,,,,,,1,,,,,,LUA_MENU_RULES_2_5SECONDS,2.5,LUA_MENU_RULES_5SECONDS,5,LUA_MENU_RULES_7_5SECONDS,7.5,LUA_MENU_RULES_10SECONDS,10,LUA_MENU_RULES_15SECONDS,15,LUA_MENU_RULES_20SECONDS,20,LUA_MENU_RULES_25SECONDS,25,LUA_MENU_RULES_30SECONDS,30,,,,,,,,,,,
flagsAddTime,LUA_MENU_OBJECTIVE_OPTIONS,LUA_MENU_RULES_RAID_FLAGS_OBJECTIVE_ADD_TIME,LUA_MENU_RULES_RAID_FLAGS_OBJECTIVE_ADD_TIME_DESC,raidData,flags_addTime,,,,,,,,,,,,,,,1,,,,,,LUA_MENU_RULES_0SECONDS,0,LUA_MENU_RULES_5SECONDS,5,LUA_MENU_RULES_10SECONDS,10,LUA_MENU_RULES_15SECONDS,15,LUA_MENU_RULES_30SECONDS,30,LUA_MENU_RULES_45SECONDS,45,LUA_MENU_RULES_1MINUTE,60,LUA_MENU_RULES_1_25MINUTES,75,LUA_MENU_RULES_1_5MINUTES,90,LUA_MENU_RULES_2MINUTES,120,LUA_MENU_RULES_2_5MINUTES,150,LUA_MENU_RULES_3MINUTES,180,LUA_MENU_RULES_4MINUTES,240,
airdropCaptureTime,LUA_MENU_OBJECTIVE_OPTIONS,LUA_MENU_RULES_RAID_AIRDROP_CAPTURE_TIME,LUA_MENU_RULES_RAID_AIRDROP_CAPTURE_TIME_DESC,raidData,airdrop_captureTime,,,,,,,,,,,,,,,1,,,,,,LUA_MENU_RULES_1SECOND,1,LUA_MENU_RULES_2SECONDS,2,LUA_MENU_RULES_3SECONDS,3,LUA_MENU_RULES_5SECONDS,5,LUA_MENU_RULES_7_5SECONDS,7.5,LUA_MENU_RULES_9SECONDS,9,LUA_MENU_RULES_10SECONDS,10,LUA_MENU_RULES_15SECONDS,15,LUA_MENU_RULES_20SECONDS,20,LUA_MENU_RULES_25SECONDS,25,LUA_MENU_RULES_30SECONDS,30,,,,,
airdropTimeout,LUA_MENU_OBJECTIVE_OPTIONS,LUA_MENU_RULES_RAID_AIRDROP_TIMEOUT,LUA_MENU_RULES_RAID_AIRDROP_TIMEOUT_DESC,raidData,airdrop_timeout,,,,,,,,,,,,,,,1,,,,,,LUA_MENU_RULES_5SECONDS,5,LUA_MENU_RULES_7_5SECONDS,7.5,LUA_MENU_RULES_10SECONDS,10,LUA_MENU_RULES_15SECONDS,15,LUA_MENU_RULES_20SECONDS,20,LUA_MENU_RULES_25SECONDS,25,LUA_MENU_RULES_30SECONDS,30,LUA_MENU_RULES_35SECONDS,35,LUA_MENU_RULES_40SECONDS,40,LUA_MENU_RULES_45SECONDS,45,LUA_MENU_RULES_50SECONDS,50,LUA_MENU_RULES_1MINUTE,60,,,
airdropContestable,LUA_MENU_OBJECTIVE_OPTIONS,LUA_MENU_RULES_RAID_AIRDROP_CONTESTABLE,LUA_MENU_RULES_RAID_AIRDROP_CONTESTABLE_DESC,raidData,airdrop_contestable,,,,,,,,,,,,,,,1,,,,,,LUA_MENU_ENABLED,1,LUA_MENU_DISABLED,0,,,,,,,,,,,,,,,,,,,,,,,
hostageObjectiveTime,LUA_MENU_OBJECTIVE_OPTIONS,LUA_MENU_RULES_RAID_CAPTURE_OBJECTIVE_TIME,LUA_MENU_RULES_RAID_CAPTURE_OBJECTIVE_TIME_DESC,raidData,hostage_objectiveTime,,,,,,,,,,,,,,,1,,,,,,LUA_MENU_RULES_1MINUTE,1,LUA_MENU_RULES_2MINUTES,2,LUA_MENU_RULES_2_5MINUTES,2.5,LUA_MENU_RULES_3MINUTES,3,LUA_MENU_RULES_4MINUTES,4,LUA_MENU_RULES_4_5MINUTES,4.5,LUA_MENU_RULES_5MINUTES,5,LUA_MENU_RULES_10MINUTES,10,LUA_MENU_RULES_20MINUTES,20,LUA_MENU_RULES_30MINUTES,30,,,,,,,
hostageDoorUseTime,LUA_MENU_OBJECTIVE_OPTIONS,LUA_MENU_RULES_RAID_DOOR_USE,LUA_MENU_RULES_RAID_DOOR_USE_DESC,raidData,hostage_doorUseTime,,,,,,,,,,,,,,,1,,,,,,LUA_MENU_RULES_1SECOND,1,LUA_MENU_RULES_2SECONDS,2,LUA_MENU_RULES_2_5SECONDS,2.5,LUA_MENU_RULES_3SECONDS,3,LUA_MENU_RULES_5SECONDS,5,LUA_MENU_RULES_7_5SECONDS,7.5,LUA_MENU_RULES_10SECONDS,10,LUA_MENU_RULES_15SECONDS,15,,,,,,,,,,,
hostageUntieUseTime,LUA_MENU_OBJECTIVE_OPTIONS,LUA_MENU_RULES_RAID_HOSTAGE_USE,LUA_MENU_RULES_RAID_HOSTAGE_USE_DESC,raidData,hostage_untieUseTime,,,,,,,,,,,,,,,1,,,,,,LUA_MENU_RULES_1SECOND,1,LUA_MENU_RULES_2SECONDS,2,LUA_MENU_RULES_2_5SECONDS,2.5,LUA_MENU_RULES_3SECONDS,3,LUA_MENU_RULES_5SECONDS,5,LUA_MENU_RULES_7_5SECONDS,7.5,LUA_MENU_RULES_10SECONDS,10,LUA_MENU_RULES_15SECONDS,15,,,,,,,,,,,
deathmatchObjectiveTime,LUA_MENU_OBJECTIVE_OPTIONS,LUA_MENU_RULES_RAID_CAPTURE_OBJECTIVE_TIME,LUA_MENU_RULES_RAID_CAPTURE_OBJECTIVE_TIME_DESC,raidData,deathmatch_objectiveTime,,,,,,,,,,,,,,,1,,,,,,LUA_MENU_RULES_1MINUTE,1,LUA_MENU_RULES_2MINUTES,2,LUA_MENU_RULES_2_5MINUTES,2.5,LUA_MENU_RULES_3MINUTES,3,LUA_MENU_RULES_4MINUTES,4,LUA_MENU_RULES_5MINUTES,5,LUA_MENU_RULES_6MINUTES,6,LUA_MENU_RULES_10MINUTES,10,LUA_MENU_RULES_20MINUTES,20,LUA_MENU_RULES_30MINUTES,30,,,,,,,
deathmatchScoreLimit,LUA_MENU_OBJECTIVE_OPTIONS,LUA_MENU_RULES_RAID_DEATHMATCH_SCORE_LIMIT,LUA_MENU_RULES_RAID_DEATHMATCH_SCORE_LIMIT_DESC,raidData,deathmatch_scoreLimit,,,,,,,,,,,,,,,1,,,,,,LUA_MENU_10,10,LUA_MENU_15,15,LUA_MENU_20,20,LUA_MENU_25,25,LUA_MENU_30,30,,,,,,,,,,,,,,,,,
deathmatchRespawnDelay,LUA_MENU_OBJECTIVE_OPTIONS,LUA_MENU_RULES_RAID_DEATHMATCH_RESPAWN_DELAY,LUA_MENU_RULES_RAID_DEATHMATCH_RESPAWN_DELAY_DESC,raidData,deathmatch_respawnDelay,,,,,,,,,,,,,,,1,,,,,,LUA_MENU_RULES_NONE,0,LUA_MENU_RULES_1SECOND,1,LUA_MENU_RULES_2_5SECONDS,2.5,LUA_MENU_RULES_3SECONDS,3,LUA_MENU_RULES_5SECONDS,5,LUA_MENU_RULES_7_5SECONDS,7.5,LUA_MENU_RULES_10SECONDS,10,LUA_MENU_RULES_15SECONDS,15,LUA_MENU_RULES_20SECONDS,20,LUA_MENU_RULES_30SECONDS,30,,,,,,,
raidStopWatch,LUA_MENU_GENERAL_SETTINGS,LUA_MENU_RULES_RAID_STOPWATCH,LUA_MENU_RULES_RAID_STOPWATCH_DESC,raidData,raid_stopWatch,,,,,,,,,,,,,,,1,,,,,,LUA_MENU_DISABLED,0,LUA_MENU_ENABLED,1,,,,,,,,,,,,,,,,,,,,,,,
raidRespawnType,LUA_MENU_SPAWN_SETTINGS,LUA_MENU_RULES_RAID_RESPAWNTYPE,LUA_MENU_RULES_RAID_RESPAWNTYPE_DESC,raidData,raid_respawnType,,,,,,,,,,,,,,,1,,,,,,LUA_MENU_RULES_NONE,0,LUA_MENU_RULES_RESPAWN_INDIVIDUAL,1,LUA_MENU_RULES_RESPAWN_WAVE,2,,,,,,,,,,,,,,,,,,,,,
raidAttackersRespawn,LUA_MENU_SPAWN_SETTINGS,LUA_MENU_RULES_RAID_ATTACKERSRESPAWN,LUA_MENU_RULES_RAID_ATTACKERSRESPAWN_DESC,raidData,raid_attackersRespawn,,,,,,,,,,,,,,,1,,,,,,LUA_MENU_RULES_NONE,0,LUA_MENU_RULES_1SECOND,1,LUA_MENU_RULES_2_5SECONDS,2.5,LUA_MENU_RULES_3SECONDS,3,LUA_MENU_RULES_5SECONDS,5,LUA_MENU_RULES_7_5SECONDS,7.5,LUA_MENU_RULES_10SECONDS,10,LUA_MENU_RULES_15SECONDS,15,LUA_MENU_RULES_20SECONDS,20,LUA_MENU_RULES_30SECONDS,30,,,,,,,
raidDefendersRespawn,LUA_MENU_SPAWN_SETTINGS,LUA_MENU_RULES_RAID_DEFENDERSRESPAWN,LUA_MENU_RULES_RAID_DEFENDERSRESPAWN_DESC,raidData,raid_defendersRespawn,,,,,,,,,,,,,,,1,,,,,,LUA_MENU_RULES_NONE,0,LUA_MENU_RULES_1SECOND,1,LUA_MENU_RULES_2_5SECONDS,2.5,LUA_MENU_RULES_3SECONDS,3,LUA_MENU_RULES_5SECONDS,5,LUA_MENU_RULES_7_5SECONDS,7.5,LUA_MENU_RULES_10SECONDS,10,LUA_MENU_RULES_15SECONDS,15,LUA_MENU_RULES_20SECONDS,20,LUA_MENU_RULES_30SECONDS,30,,,,,,,
raidScorestreaks,LUA_MENU_GENERAL_SETTINGS,LUA_MENU_RULES_RAID_SCORESTREAKS,LUA_MENU_RULES_RAID_SCORESTREAKS_DESC,raidData,raid_scorestreaks,,,,,,,,,,,,,,,1,,,,,,LUA_MENU_DISABLED,0,LUA_MENU_ENABLED,1,,,,,,,,,,,,,,,,,,,,,,,
preMatchTimer,LUA_MENU_GENERAL_SETTINGS,LUA_MENU_RULES_PREMATCH_TIMER,LUA_MENU_RULES_PREMATCH_TIMER_DESC,commonOption,preMatchTimer,1,1,1,1,1,1,1,1,1,1,1,1,1,1,,1,1,1,1,1,LUA_MENU_RULES_15SECONDS,15,LUA_MENU_RULES_30SECONDS,30,LUA_MENU_RULES_45SECONDS,45,LUA_MENU_RULES_1MINUTE,60,,,,,,,,,,,,,,,,,,,
preRoundTimer,LUA_MENU_GENERAL_SETTINGS,LUA_MENU_RULES_PREROUND_TIMER,LUA_MENU_RULES_PREROUND_TIMER_DESC,commonOption,preRoundTimer,,,1,1,1,,1,,,1,,,1,,,,,,,1,LUA_MENU_RULES_5SECONDS,5,LUA_MENU_RULES_10SECONDS,10,LUA_MENU_RULES_15SECONDS,15,LUA_MENU_RULES_20SECONDS,20,LUA_MENU_RULES_25SECONDS,25,LUA_MENU_RULES_30SECONDS,30,,,,,,,,,,,,,,,
switchTeamDisabled,LUA_MENU_GENERAL_SETTINGS,LUA_MENU_RULES_TEAM_SWITCH,LUA_MENU_RULES_TEAM_SWITCH_DESC,commonOption,switchTeamDisabled,,1,1,1,1,1,1,1,,1,,,1,,1,,,1,,,LUA_MENU_ENABLED,FALSE,LUA_MENU_DISABLED,TRUE,,,,,,,,,,,,,,,,,,,,,,,
spectateModeAllowed,LUA_MENU_GENERAL_SETTINGS,LUA_MENU_RULES_SPECTATING,LUA_MENU_RULES_SPECTATING_DESC,commonOption,spectateModeAllowed,1,1,1,1,1,1,1,1,1,1,1,1,1,1,1,1,1,1,1,,LUA_MENU_DISABLED,0,spectating_middle_value,1,LUA_MENU_RULES_FREE,2,,,,,,,,,,,,,,,,,,,,,
spectateModePOV,LUA_MENU_GENERAL_SETTINGS,LUA_MENU_RULES_SPECTATE_POV,LUA_MENU_RULES_SPECTATE_POV_DESC,commonOption,spectateModePOV,1,1,1,1,1,1,1,1,1,1,1,1,1,1,1,1,1,1,1,,LUA_MENU_RULES_FREE,0,LUA_MENU_RULES_FIRST_PERSON,1,LUA_MENU_RULES_THIRD_PERSON,2,,,,,,,,,,,,,,,,,,,,,
showKillcam,LUA_MENU_GENERAL_SETTINGS,LUA_MENU_RULES_KILLCAM,LUA_MENU_RULES_KILLCAM_DESC,commonOption,showKillcam,1,1,1,1,1,1,1,1,1,1,1,1,1,1,1,1,1,1,1,,LUA_MENU_DISABLED,FALSE,LUA_MENU_ENABLED,TRUE,,,,,,,,,,,,,,,,,,,,,,,
radarMode,LUA_MENU_GENERAL_SETTINGS,LUA_MENU_RULES_RADAR_ALWAYS_ON,LUA_MENU_RULES_RADAR_ALWAYS_ON_DESC,commonOption,radarMode,1,1,1,1,1,1,1,1,1,1,1,1,1,1,1,1,1,,,,LUA_MENU_RULES_NORMAL,0,LUA_MENU_RULES_SWEEPING,1,LUA_MENU_RULES_ALWAYS_ON,2,,,,,,,,,,,,,,,,,,,,,
chatterDisabled,LUA_MENU_GENERAL_SETTINGS,LUA_MENU_RULES_BATTLE_CHATTER,LUA_MENU_RULES_BATTLE_CHATTER_DESC,commonOption,chatterDisabled,1,1,1,1,1,1,1,1,1,1,1,1,1,1,1,1,1,,,,LUA_MENU_ENABLED,FALSE,LUA_MENU_DISABLED,TRUE,,,,,,,,,,,,,,,,,,,,,,,
announcerDisabled,LUA_MENU_GENERAL_SETTINGS,LUA_MENU_RULES_ANNOUNCER,LUA_MENU_RULES_ANNOUNCER_DESC,commonOption,announcerDisabled,1,1,1,1,1,1,1,1,1,1,1,1,1,1,1,1,1,1,1,,LUA_MENU_ENABLED,FALSE,LUA_MENU_DISABLED,TRUE,,,,,,,,,,,,,,,,,,,,,,,
respawnDelay,LUA_MENU_SPAWN_SETTINGS,LUA_MENU_RULES_RESPAWN_DELAY,LUA_MENU_RULES_RESPAWN_DELAY_DESC,commonOption,respawnDelay,1,1,1,1,1,1,1,1,,1,1,1,1,,,,1,1,1,,LUA_MENU_RULES_NONE,0,LUA_MENU_RULES_1SECOND,1,LUA_MENU_RULES_2_5SECONDS,2.5,LUA_MENU_RULES_5SECONDS,5,LUA_MENU_RULES_7_5SECONDS,7.5,LUA_MENU_RULES_10SECONDS,10,LUA_MENU_RULES_15SECONDS,15,LUA_MENU_RULES_20SECONDS,20,LUA_MENU_RULES_30SECONDS,30,,,,,,,,,
forceRespawn,LUA_MENU_SPAWN_SETTINGS,LUA_MENU_RULES_FORCE_RESPAWN,LUA_MENU_RULES_FORCE_RESPAWN_DESC,commonOption,forceRespawn,1,1,1,1,1,1,1,1,,1,1,1,1,,1,,1,1,1,,LUA_MENU_DISABLED,FALSE,LUA_MENU_ENABLED,TRUE,,,,,,,,,,,,,,,,,,,,,,,
waveRespawnDelay,LUA_MENU_SPAWN_SETTINGS,LUA_MENU_RULES_WAVE_DELAY,LUA_MENU_RULES_WAVE_DELAY_DESC,commonOption,waveRespawnDelay,1,1,1,1,1,1,1,1,,1,1,1,1,,,,1,1,1,,LUA_MENU_RULES_NONE,0,LUA_MENU_RULES_1SECOND,1,LUA_MENU_RULES_2_5SECONDS,2.5,LUA_MENU_RULES_5SECONDS,5,LUA_MENU_RULES_7_5SECONDS,7.5,LUA_MENU_RULES_10SECONDS,10,LUA_MENU_RULES_15SECONDS,15,LUA_MENU_RULES_20SECONDS,20,LUA_MENU_RULES_30SECONDS,30,,,,,,,,,
suicidePenalty,LUA_MENU_SPAWN_SETTINGS,LUA_MENU_RULES_SUICIDE_PENALTY,LUA_MENU_RULES_SUICIDE_PENALTY_DESC,commonOption,suicidePenalty,1,1,1,1,1,1,1,1,,1,1,1,1,,1,,1,1,1,,LUA_MENU_RULES_NONE,0,LUA_MENU_RULES_1SECOND,1,LUA_MENU_RULES_2_5SECONDS,2.5,LUA_MENU_RULES_5SECONDS,5,LUA_MENU_RULES_7_5SECONDS,7.5,LUA_MENU_RULES_10SECONDS,10,LUA_MENU_RULES_15SECONDS,15,LUA_MENU_RULES_20SECONDS,20,,,,,,,,,,,
teamKillPenalty,LUA_MENU_SPAWN_SETTINGS,LUA_MENU_RULES_TEAMKILL_PENALTY,LUA_MENU_RULES_TEAMKILL_PENALTY_DESC,commonOption,teamKillPenalty,,1,1,1,1,1,1,1,,1,,,1,,1,,,1,,,LUA_MENU_RULES_NONE,0,LUA_MENU_RULES_1SECOND,1,LUA_MENU_RULES_2_5SECONDS,2.5,LUA_MENU_RULES_5SECONDS,5,LUA_MENU_RULES_7_5SECONDS,7.5,LUA_MENU_RULES_10SECONDS,10,LUA_MENU_RULES_15SECONDS,15,LUA_MENU_RULES_20SECONDS,20,,,,,,,,,,,
hardcoreModeOn,LUA_MENU_HEALTH_AND_DAMAGE,LUA_MENU_RULES_HARDCORE,LUA_MENU_RULES_HARDCORE_DESC,commonOption,hardcoreModeOn,1,1,1,1,1,1,1,1,1,1,1,1,1,1,1,1,1,,,,LUA_MENU_DISABLED,FALSE,LUA_MENU_ENABLED,TRUE,,,,,,,,,,,,,,,,,,,,,,,
hardcoreModeOnDogfight,LUA_MENU_HEALTH_AND_DAMAGE,LUA_MENU_RULES_HARDCORE,LUA_MENU_RULES_HARDCORE_DESC,commonOption,hardcoreModeOn,,,,,,,,,,,,,,,,,,1,1,,LUA_MENU_DISABLED,FALSE,LUA_MENU_ENABLED,TRUE,,,,,,,,,,,,,,,,,,,,,,,
maxHealth,LUA_MENU_HEALTH_AND_DAMAGE,LUA_MENU_RULES_MAX_HEALTH,LUA_MENU_RULES_MAX_HEALTH_DESC,commonOption,maxHealth,1,1,1,1,1,1,1,1,1,1,1,1,1,1,1,1,1,,,,30%,30,50%,50,LUA_MENU_RULES_NORMAL,100,130%,130,150%,150,200%,200,,,,,,,,,,,,,,,
maxHealthDogfight,LUA_MENU_HEALTH_AND_DAMAGE,LUA_MENU_RULES_MAX_HEALTH,LUA_MENU_RULES_MAX_HEALTH_DESC,commonOption,maxHealth,,,,,,,,,,,,,,,,,,1,1,,70%,70,80%,80,90%,90,LUA_MENU_RULES_NORMAL,100,110%,110,125%,125,200%,200,,,,,,,,,,,,,
healthRegen,LUA_MENU_HEALTH_AND_DAMAGE,LUA_MENU_RULES_HEALTH_REGEN,LUA_MENU_RULES_HEALTH_REGEN_DESC,commonOption,healthRegen,1,1,1,1,1,1,1,1,1,1,1,1,1,1,1,1,1,1,1,,LUA_MENU_RULES_NONE,0,LUA_MENU_RULES_SLOW,8,LUA_MENU_RULES_NORMAL,4,LUA_MENU_RULES_FAST,2,,,,,,,,,,,,,,,,,,,
ffType,LUA_MENU_HEALTH_AND_DAMAGE,LUA_MENU_RULES_FRIENDLY_FIRE,LUA_MENU_RULES_FRIENDLY_FIRE_DESC,commonOption,ffType,,1,1,1,1,1,1,1,,1,,,1,,1,1,,,,,LUA_MENU_DISABLED,0,LUA_MENU_ENABLED,1,MPUI_RULES_REFLECT,2,MPUI_RULES_SHARED,3,,,,,,,,,,,,,,,,,,,
ffTypeDogfight,LUA_MENU_HEALTH_AND_DAMAGE,LUA_MENU_RULES_FRIENDLY_FIRE,LUA_MENU_RULES_FRIENDLY_FIRE_DESC,commonOption,ffType,,,,,,,,,,,,,,,,,,1,,,LUA_MENU_DISABLED,0,LUA_MENU_ENABLED,1,,,,,,,,,,,,,,,,,,,,,,,
numLives,LUA_MENU_HEALTH_AND_DAMAGE,LUA_MENU_RULES_NUMBER_OF_LIVES,LUA_MENU_RULES_NUMBER_OF_LIVES_DESC,commonOption,numLives,1,1,1,1,1,1,1,1,,1,1,1,1,1,,,1,1,1,,LUA_MENU_RULES_UNLIMITED,0,LUA_MENU_RULES_ITEM_LIFE,1,LUA_MENU_RULES_ITEM_2LIVES,2,LUA_MENU_RULES_ITEM_3LIVES,3,LUA_MENU_RULES_ITEM_5LIVES,5,LUA_MENU_RULES_ITEM_9LIVES,9,,,,,,,,,,,,,,,
teamKillKickLimit,LUA_MENU_HEALTH_AND_DAMAGE,LUA_MENU_RULES_TEAMKILL_KICK,LUA_MENU_RULES_TEAMKILL_KICK_DESC,commonOption,teamKillKickLimit,,1,1,1,1,1,1,1,,1,,,1,,1,1,,1,,,LUA_MENU_RULES_UNLIMITED,0,LUA_MENU_1,1,LUA_MENU_2,2,LUA_MENU_3,3,LUA_MENU_4,4,LUA_MENU_5,5,,,,,,,,,,,,,,,
headshotsOnly,LUA_MENU_HEALTH_AND_DAMAGE,LUA_MENU_RULES_HEADSHOTS_ONLY,LUA_MENU_RULES_HEADSHOTS_ONLY_DESC,commonOption,headshotsOnly,1,1,1,1,1,1,1,1,1,1,1,1,1,1,1,,1,,,,LUA_MENU_DISABLED,FALSE,LUA_MENU_ENABLED,TRUE,,,,,,,,,,,,,,,,,,,,,,,
grenadeGracePeriod,LUA_MENU_HEALTH_AND_DAMAGE,LUA_MENU_RULES_GRENADE_GRACE_PERIOD,LUA_MENU_RULES_GRENADE_GRACE_PERIOD_DESC,commonOption,grenadeGracePeriod,1,1,1,1,1,1,1,1,1,1,1,1,1,1,,,1,,,,LUA_MENU_RULES_NONE,0,LUA_MENU_RULES_1SECOND,1,LUA_MENU_RULES_2_5SECONDS,2.5,LUA_MENU_RULES_5SECONDS,5,LUA_MENU_RULES_7_5SECONDS,7.5,LUA_MENU_RULES_10SECONDS,10,LUA_MENU_RULES_15SECONDS,15,LUA_MENU_RULES_20SECONDS,20,LUA_MENU_RULES_30SECONDS,30,,,,,,,,,
streakGracePeriod,LUA_MENU_HEALTH_AND_DAMAGE,LUA_MENU_RULES_STREAK_GRACE_PERIOD,LUA_MENU_RULES_STREAK_GRACE_PERIOD_DESC,commonOption,streakGracePeriod,1,1,1,1,1,1,1,1,,1,1,1,1,1,,,1,,,,LUA_MENU_RULES_NONE,0,LUA_MENU_RULES_1SECOND,1,LUA_MENU_RULES_2_5SECONDS,2.5,LUA_MENU_RULES_5SECONDS,5,LUA_MENU_RULES_7_5SECONDS,7.5,LUA_MENU_RULES_10SECONDS,10,LUA_MENU_RULES_15SECONDS,15,LUA_MENU_RULES_20SECONDS,20,LUA_MENU_RULES_30SECONDS,30,,,,,,,,,
required_to_be_last_row,donotremove,donotremove,donotremove,donotremove,donotremove,donotremove,donotremove,donotremove,donotremove,donotremove,donotremove,donotremove,donotremove,donotremove,donotremove,donotremove,donotremove,donotremove,donotremove,donotremove,donotremove,donotremove,,,donotremove,donotremove,donotremove,donotremove,donotremove,donotremove,donotremove,donotremove,donotremove,donotremove,donotremove,donotremove,donotremove,donotremove,donotremove,donotremove,donotremove,donotremove,donotremove,donotremove,donotremove,donotremove,donotremove,donotremove,donotremove,donotremove,donotremove,
