ui_current_round,1,,,g,i,1,1,9999,,,,,,,,,
ui_last_round,1,,,g,b,0,0,1,,,,,,,,,
ui_game_duration,1,,,g,t,0,,,,,,,,,,,
ui_game_victor,,,,g,i,0,0,2,,,,,#Value is 0 for FFA/Tie,1 for Axis,2 for Allies,,
damage_feedback,1,1,1,c,s,none,,,,1,,1,,,,,
send_map_load_phase,,,,c,i,-1,-1,1,,,,,,,,,
ui_minimap_location_callout,1,1,1,c,i,-1,-1,255,,,,,,,,,
ui_minimap_antiair_state,1,1,0,c,i,0,-2,2,,,,,#-2 = enemy flak guns, -1 = enemy counter recon, 0 = nothing, 1 = friendly counter recon, 2 = friendly flak guns,,,,
ui_bomb_a_state,1,1,,g,i,0,0,4,,,,,# 0 = not touched, 1 = planted, 2 = detonated, 4 = nuke,,,,
ui_bomb_b_state,1,1,,g,i,0,0,4,,,,,# 0 = not touched, 1 = planted, 2 = detonated, 4 = nuke,,,,
ui_demo_bomb_a_state,1,1,,c,i,0,0,3,,,,,# 0 = not touched, 1 = planted, 2 = detonated, 3 = allied planted,,,,
ui_demo_bomb_b_state,1,1,,c,i,0,0,3,,,,,# 0 = not touched, 1 = planted, 2 = detonated, 3 = allied planted,,,,
ui_bomb_a_timer_endtime,1,1,,g,t,0,,,,,,,,,,,
ui_bomb_b_timer_endtime,1,1,,g,t,0,,,,,,,,,,,
ui_nuke_end_milliseconds,,,,g,t,0,,,,,,,,,,,
ui_killcam_end_milliseconds,1,,,c,t,0,,,,,,,,,,,
ui_killcam_killedby_id,,,,c,i,-1,-1,59,,,,,# [-1, max_clients*2 ) Must account for bots as well,,,,
ui_killcam_killedby_killstreak,,,,c,i,-1,-1,510,,,,,,,,,
ui_killcam_killedby_weapon,1,,,c,i,-1,-1,16383,,,,,,,,,
ui_killcam_killedby_attachment1,,,,c,i,-1,-1,510,,,,,,,,,
ui_killcam_killedby_attachment2,,,,c,i,-1,-1,510,,,,,,,,,
ui_killcam_killedby_attachment3,,,,c,i,-1,-1,510,,,,,,,,,
ui_killcam_killedby_attachment4,,,,c,i,-1,-1,510,,,,,,,,,
ui_killcam_killedby_perk_1,1,,,c,i,-1,-1,255,,,,,,,,,
ui_killcam_killedby_perk_2,1,,,c,i,-1,-1,255,,,,,,,,,
ui_killcam_killedby_perk_3,1,,,c,i,-1,-1,255,,,,,,,,,
ui_killcam_killedby_perk_4,1,,,c,i,-1,-1,255,,,,,,,,,
ui_killcam_killedby_perk_5,1,,,c,i,-1,-1,255,,,,,,,,,
ui_killcam_killedby_perk_6,1,,,c,i,-1,-1,255,,,,,,,,,
ui_killcam_killedby_perk_7,1,,,c,i,-1,-1,255,,,,,,,,,
ui_killcam_killedby_perk_8,1,,,c,i,-1,-1,255,,,,,,,,,
ui_killcam_killedby_perk_9,1,,,c,i,-1,-1,255,,,,,,,,,
ui_killcam_killedby_division,1,,,c,i,-1,-1,255,,,,,,,,,
ui_killcam_killedby_weaponReputation,1,,,c,i,0,0,10,,,,,,,,,
ui_killcam_drawTargetBox,1,,,c,b,0,0,1,,,,,# Should I draw a red target box in this killcam,,,,
ui_killcam_paratrooperInsert,1,,,c,b,0,0,1,,,,,,,,,
ui_killcam_copycat,1,,,c,b,,,,,,,,,,,,
ui_killcam_type,1,,,c,i,0,0,3,,,,,# 0 =normal,1 =score,2=replay,3=playofthegame,
ui_killcam_action,,,,c,i,0,0,2,,,,,# 0=none,1=respawn,2=skip,,
ui_killcam_time_until_spawn,1,,,c,f,0,,,,,,,,,,,
ui_killcam_isNemesis,1,,,c,b,0,0,1,,,,,# Is player in killcam your nemesis,,,,
ui_killcam_isFriendlyFire,1,,,c,b,0,0,1,,,,,# Is killcam friendly fire,,,,
ui_killcam_killsOfPlayer,1,,,c,i,0,0,9999,,,,,# Number of kills the nemesis has of you,,,,
ui_killcam_killsByPlayer,1,,,c,i,0,0,9999,,,,,# Number of kills you have of your nemesis,,,,
ui_death_details_attacker_0,1,,,c,i,-1,-1,64,,,,,# Entity number of attacker 0,,,,
ui_death_details_attacker_1,1,,,c,i,-1,-1,64,,,,,# Entity number of attacker 1,,,,
ui_death_details_attacker_2,1,,,c,i,-1,-1,64,,,,,# Entity number of attacker 2,,,,
ui_death_details_attacker_3,1,,,c,i,-1,-1,64,,,,,# Entity number of attacker 3,,,,
ui_death_details_hits_0,1,,,c,i,0,0,10,,,,,# Number of hits taken from attacker 0,,,,
ui_death_details_hits_1,1,,,c,i,0,0,10,,,,,# Number of hits taken from attacker 1,,,,
ui_death_details_hits_2,1,,,c,i,0,0,10,,,,,# Number of hits taken from attacker 2,,,,
ui_death_details_hits_3,1,,,c,i,0,0,10,,,,,# Number of hits taken from attacker 3,,,,
cam_scene_name,1,1,,c,s,unknown,,,,,,,,,,,
cam_scene_lead,,,,c,i,-1,-1,2046,,,,,#lead actor id (entity) for the scene specified in 'cam_scene_name',,,,
cam_scene_support,,,,c,i,-1,-1,2046,,,,,#supporting actor id (entity) for the scene specified in 'cam_scene_name',,,,
cam_scene_lead_alt,,,,c,i,-1,-1,2046,,,,,#lead actor id (entity) for the scene specified in 'cam_scene_name',,,,
cam_scene_support_alt,,,,c,i,-1,-1,2046,,,,,#supporting actor id (entity) for the scene specified in 'cam_scene_name',,,,
ui_splash_idx,1,1,,c,i,-1,-1,2046,,,,,,,,,
ui_splash_killstreak_idx,1,1,,c,i,-1,-1,2046,,,,,,,,,
ui_splash_playercard_idx,1,1,,c,i,-1,-1,4094,,,,,,,,,
ui_splash_playercard_clientnum,,,,c,i,-1,-1,59,,,,,# [-1, max_clients ),,,,
ui_splash_playercard_optional_number,,,,c,i,0,0,65535,,,,,# will be sent as a short,,,,
ui_carrying_bomb,1,,1,c,b,,,,,,,,,,,,
ui_capture_icon,1,,1,c,i,0,0,10,,,,,# See per game mode icons in CapturingHud.lua (moving this functionality over to CapturingWidget_uc.lua),,,,
ui_capture_status_index,1,,1,c,i,0,0,10,,,,,# See per game mode status text in CapturingWidget_uc.lua,,,,
ui_capture_progress,1,,1,c,f,0,,,,,,,,,,,
ui_capture_progress_global,1,,1,g,f,0,,,,,,,,,,,
ui_securing,1,,,c,i,0,0,11,,,,,,,,,
ui_securing_progress,,,,c,f,0,,,,,,,,,,,
ui_light_armor,1,,,c,b,,,,,,,,,,,,
ui_session_state,1,,,c,s,none,,,,,,,,,,,
ks_used,1,1,1,c,b,,,,,,,,,,,,
ks_acquired,1,1,1,c,b,,,,,,,,,,,,
ks_count1,1,,1,c,f,0,-1,110,,,,,,,,,
ks_points1,1,,1,c,i,0,0,65535,,,,,,,,,
ks_count2,1,,1,c,f,0,-1,110,,,,,,,,,
ks_points2,1,,1,c,i,0,0,65535,,,,,,,,,
ks_count3,1,,1,c,f,0,-1,110,,,,,,,,,
ks_points3,1,,1,c,i,0,0,65535,,,,,,,,,
ks_count4,1,,1,c,f,0,0,110,,,,,,,,,
ks_points4,1,,1,c,i,0,0,65535,,,,,,,,,
ks_count_updated,1,1,,c,b,0,,,,,,,,,,,
ks_selectedIndex,1,,,c,i,0,-1,110,m,,,,this omnvar was duplicated for zombies HUD so it could be archived.,,,,
ks_hasStreak,1,1,1,c,i,0,0,4294967295,,,,,,,,,
ks_icon0,1,1,1,c,i,0,0,110,,,,,,,,,
ks_icon1,1,1,1,c,i,0,0,110,,,,,,,,,
ks_icon2,1,1,1,c,i,0,0,110,,,,,,,,,
ks_icon3,1,1,1,c,i,0,0,110,,,,,,,,,
ks_icon4,1,1,1,c,i,0,0,110,,,,,,,,,
ui_killstreak_remote,1,,,c,b,0,,,,,,,,,,,
ui_plane_gunner_phase,1,1,1,c,i,0,0,3,m,,,,0 = not active, 1 = ball turret, 2 = bombardier, 3 = fighter strike,,,,
ui_plane_gunner_phase_end_time,1,1,1,c,t,0,,,m,,,,when this phase will end, used to show countdown timer,,,,
ui_plane_gunner_ammo,1,1,1,c,i,0,0,100,m,,,,how much ammo the bombardier has,,,,
ui_plane_gunner_reloading,1,,,c,b,0,,,m,,,,,,,,
ui_show_fritzx_hud,1,1,0,c,i,0,0,999999,m,,,,,,,,
ui_killstreak_scorestreak_switch,1,1,1,c,b,0,,,,,,,used to notify UI that player has switched from killstreaks to scorestreaks or vice versa,,,,
ui_hud_shake,1,1,,c,b,,,,,,,,,,,,
ui_hud_static,1,1,1,c,i,0,0,3,,,,,,,,,
ui_options_menu,1,1,,c,i,0,-1,3,,,,,,,,,
ui_loadout_selected,1,,,c,i,-1,-1,211,,,,,values starting at 100 are [100 + zero based default loadout index], 200-211 are private match team presets,,,,
ui_team_selected,1,,,c,i,-1,-1,3,,,,,,,,,
ui_spectator_selected,1,,,c,i,-1,-1,1,,,,,,,,,
ui_match_countdown,1,,,g,i,0,0,80,,,,,,,,,
ui_match_countdown_title,1,,,g,i,0,0,128,,,,,,,,,
ui_match_countdown_toggle,1,,,g,b,,,,,,,,,,,,
blur_target,1,,1,c,f,0,0,1000,,,,,#this is set by code,,,,
blur_duration_ms,,,1,c,i,0,0,5000,,,,,#this is set by code,,,,
damage_pickup,1,1,1,c,s,,,,,1,,1,,,,,
ui_round_end,1,,,c,i,0,0,5,,,,,,,,,
ui_round_end_spectator,1,1,,c,i,0,0,1,,,,,,,,,
ui_round_end_title,,,,c,i,0,0,20,,,,,,,,,
ui_round_end_reason,,,,c,i,0,0,27,,,,,,,,,
ui_round_end_friendly_score,,,,c,i,0,0,9999,,,,,,,,,
ui_round_end_enemy_score,,,,c,i,0,0,9999,,,,,,,,,
ui_round_end_match_bonus,,,,c,i,0,0,9999,,,,,,,,,
ui_rank_splash_prestige,,,,c,i,0,0,65535,,,,,# will be sent as a short,,,,
ui_challenge_splash_idx,1,1,,c,i,-1,-1,2046,,,,,,,,,
ui_challenge_splash_tier,,,,c,i,0,0,65535,,,,,# will be sent as a short,,,,
ui_map_location_selector,1,1,1,c,i,0,-1,2,m,,,,# turned on by relevant killstreaks (e.g. stealth bomber); 0 == off, other values indicate different types of selectors,,,,
ui_map_location_selector_directional_type,1,0,0,c,i,0,0,10,m,,,,#indicates what kind of directional selector should be displayed,,,,
ui_map_location_selector_streak_index,1,1,0,c,i,0,0,40,m,,,,,,,,
ui_map_location_blocked,1,,,c,i,0,0,1,m,,,,,,,,
ui_map_location_num_planes,,,,c,i,0,0,2,m,,,,,,,,
ui_map_location_num_targets,1,,,c,i,0,0,5,m,,,,,,,,
ui_map_location_height,,,,c,f,0,0,9999,m,,,,,,,,
ui_map_location_height_offset,,,,c,f,0,0,9999,m,,,,,,,,
ui_map_location_pitch,,,,c,f,0,0,90,m,,,,,,,,
ui_map_location_introDist,,,,c,f,0,0,9999,m,,,,,,,,
ui_map_location_diveDist,,,,c,f,0,0,9999,m,,,,,,,,
ui_map_location_use_carepackages,,,0,c,b,0,0,1,m,,,,,,,,
ui_map_location_fighter_strike,,,0,c,b,0,0,1,m,,,,,,,,
ui_assault_rank_bar_progress,1,1,,c,i,0,0,100,,,,,,,,,
ui_assault_objective_update,1,1,,g,i,0,0,10,,,,,#Now also used for Momentum Raid objectives,,,,
ui_assault_objective_complete,1,1,,g,i,0,0,1,,,,,#Now also used for Momentum Raid objectives,,,,
ui_hide_hints_hud,1,,,c,b,0,,,,,,,,,,,
ui_hide_hud,1,,,c,b,0,,,,,,,,,,,
ui_points_popup,1,1,1,c,i,-1,-99999,99999,,,,,,,,,
ui_points_popup_event,1,1,1,c,i,-1,-1,512,,,,,,,,,
lighting_state,1,0,,g,i,0,0,2,,,,,,,,,
allow_write_leaderboards,1,,,c,b,1,,,,,,,#used in code,,,,
ui_use_bar_text,1,,,c,i,0,0,64,,,,,,,,,
ui_use_bar_start_time,1,,,c,t,0,,,,,,,,,,,
ui_use_bar_current_time,1,,,c,t,,,,,,,,,,,,
ui_use_bar_end_time,1,,,c,t,0,,,,,,,,,,,
ui_streak_overlay_state,1,,1,c,i,0,0,7,,,,,0=off, 1=low, 2=dmg, 3=range1, 4=range2, 5=range3, 6=full, 7=full no text,,,,
ui_broadcaster_game_mode_status_1,1,,,g,i,-1,-255,255,m,,,,,,,,
ui_broadcaster_game_mode_status_2,1,,,g,i,-1,-255,255,m,,,,,,,,
ui_broadcaster_game_mode_status_3,1,,,g,i,-1,-255,255,m,,,,,,,,
ui_broadcaster_client_num,1,,,g,i,-1,-255,255,m,,,,,,,,
ui_alive_player_count_allies,1,,,g,i,0,0,48,,,,,,,,,
ui_alive_player_count_axis,1,,,g,i,0,0,48,,,,,,,,,
ui_vlobby_round_state,1,,,c,i,0,0,3,,,,,0=off,1=on,2=finished,3=targetmode,,,,
ui_vlobby_round_timer,1,,,c,f,0,0,9999.9,,,,,,,,,
ui_vlobby_round_damage,1,,,c,i,0,0,999,,,,,,,,,
ui_vlobby_round_hits,1,,,c,i,0,0,9999,,,,,,,,,
ui_vlobby_round_distance,1,,,c,i,0,0,100,,,,,,,,,
ui_vlobby_round_fired,1,,,c,i,0,0,9999,,,,,,,,,
ui_vlobby_round_accuracy,1,,,c,i,0,0,999,,,,,,,,,
ui_ctf_friendly_status,1,1,1,c,i,0,0,2,,,,,0=home, 1=away, 2=carried,,,,
ui_ctf_friendly_carrier_clientnum,1,1,1,c,i,-1,-1,59,,,,,# [-1, max_clients ),,,,
ui_ctf_enemy_status,1,1,1,c,i,0,0,2,,,,,0=home, 1=away, 2=carried,,,,
ui_ctf_enemy_carrier_clientnum,1,1,1,c,i,-1,-1,59,,,,,# [-1, max_clients ),,,,
ui_broadcaster_ctf_allies_status,1,1,0,g,i,0,0,2,m,,,,0=home, 1=away, 2=carried,,,,
ui_broadcaster_ctf_allies_carrier_clientnum,1,1,0,g,i,-1,-1,59,m,,,,# [-1, max_clients ),,,,
ui_broadcaster_ctf_axis_status,1,1,0,g,i,0,0,2,m,,,,0=home, 1=away, 2=carried,,,,
ui_broadcaster_ctf_axis_carrier_clientnum,1,1,0,g,i,-1,-1,59,m,,,,# [-1, max_clients ),,,,
ui_ctf_status_changed,,1,,c,b,FALSE,,,,,,,,,,,
ui_uplink_num_balls,1,,,g,i,1,1,16,m,,,,,,,,
ui_uplink_ball_carrier1,1,,,g,i,-1,-2,200,m,,,,,,,,
ui_uplink_ball_carrier2,1,,,g,i,-1,-2,200,m,,,,,,,,
ui_uplink_ball_carrier3,1,,,g,i,-1,-2,200,m,,,,,,,,
ui_uplink_ball_carrier4,1,,,g,i,-1,-2,200,m,,,,,,,,
ui_uplink_ball_carrier5,1,,,g,i,-1,-2,200,m,,,,,,,,
ui_uplink_can_pass,1,,,c,b,0,,,m,,,,,,,,
ui_light_armor_percent,1,,,c,f,0,,,,,,,,,,,
serum_active_percent,1,,,c,f,0,,,,,,,#Currently active serum use percentage,,,,
serum_active_streakIndex,1,,,c,i,-1,-1,100,m,,,,#StreakIndex that the active serum lives in,,,,
ui_hardpoint,1,,,c,i,0,0,2,m,,,,,,,,
ui_hardpoint_timer,1,,,g,t,0,,,m,,,,,,,,
ui_hardpoint_status,1,,,g,i,0,-1,2,m,,,,# -1=contested, 0=neutral, 1=axis, 2=allies,,,,
ui_hardpoint_minimap_location_callout,1,1,,g,i,-1,-1,255,m,,,,,,,,
ui_round_end_stopwatch,,,,c,i,0,0,4000,,,,,,,,,
ui_attacking_team,,,,g,i,0,0,2,,,,,0=none,1=axis,2=allies,,,,
ui_broadcaster_loadout_primary_weapon,0,1,0,c,i,-1,-1,16383,m,,,,Notify always to trigger the panel update,,,,
ui_broadcaster_loadout_primary_attachment_0,0,0,0,c,i,-1,-1,16383,m,,,,,,,,
ui_broadcaster_loadout_primary_attachment_1,0,0,0,c,i,-1,-1,16383,m,,,,,,,,
ui_broadcaster_loadout_primary_attachment_2,0,0,0,c,i,-1,-1,16383,m,,,,,,,,
ui_broadcaster_loadout_primary_attachment_3,0,0,0,c,i,-1,-1,16383,m,,,,,,,,
ui_broadcaster_loadout_secondary_weapon,0,0,0,c,i,-1,-1,16383,m,,,,,,,,
ui_broadcaster_loadout_secondary_attachment_0,0,0,0,c,i,-1,-1,16383,m,,,,,,,,
ui_broadcaster_loadout_secondary_attachment_1,0,0,0,c,i,-1,-1,16383,m,,,,,,,,
ui_broadcaster_loadout_training,0,0,0,c,i,-1,-1,255,m,,,,,,,,
ui_broadcaster_loadout_division,0,1,0,c,i,-1,-1,8,m,,,,,,,,
ui_broadcaster_loadout_equipment_0,0,0,0,c,i,-1,-1,16383,m,,,,,,,,
ui_broadcaster_loadout_equipment_1,0,0,0,c,i,-1,-1,16383,m,,,,,,,,
ui_broadcaster_loadout_equipment_2,0,0,0,c,i,-1,-1,16383,m,,,,,,,,
ui_broadcaster_loadout_streak_0,0,0,0,c,i,-1,-1,16383,m,,,,,,,,
ui_broadcaster_loadout_streak_1,0,0,0,c,i,-1,-1,16383,m,,,,,,,,
ui_broadcaster_loadout_streak_2,0,0,0,c,i,-1,-1,16383,m,,,,,,,,
ui_broadcaster_loadout_streak_3,0,0,0,c,i,-1,-1,16383,m,,,,,,,,
ui_broadcaster_announcement,1,0,0,g,i,-1,-1,2147483647,m,,,,,,,,
fov_scale,0,0,1,c,f,1,0.2,5,,,,,per-client fov_scale (also works separately for local clients, which the dvar does NOT),,,,
ui_disable_team_change,,,0,c,b,FALSE,,,,,,,,,,,
ui_cg_world_blur,1,1,,g,b,,,,,,,,,,,,
ui_cg_world_blur_fade_out,1,1,,g,b,,,,,,,,,,,,
ui_killstreak_blackout,1,0,1,c,b,0,,,,,,,,,,,
ui_killstreak_blackout_fade_end,0,0,1,c,t,0,,,,,,,,,,,
ui_splash_killstreak_slot_idx,,,,c,i,-1,-1,4,,,,,0 is gimme slot, 1-4 are player's CaC killstreaks,,,,
ui_zm_exo_health,1,0,1,c,i,0,0,33,z,,,,# used for ZM armor tokens, 10's place represents blocked armor,,,,
ui_zm_ability,1,0,0,g,t,0,,,z,,,,# double points powerup  end time,,,,
ui_zm_shield,1,0,0,g,t,0,,,z,,,,# double points powerup  end time,,,,
ui_zm_exo_slam,1,0,1,c,i,0,0,4,z,,,,# old school perk machine? (teminals)  , deprecated but refed in bg_jump.cpp,,,,
ui_zm_exo_slam_next_time,1,0,1,c,t,0,,,z,,,,# old school perk machine? (teminals)  , deprecated but refed in bg_jump.cpp timestamp of when boost slam will next be available,,,,
ui_zm_characterClient_0,1,0,0,g,p,-1,,,z,,,,# player entity number,,,,
ui_zm_characterClient_1,1,0,0,g,p,-1,,,z,,,,# player entity number,,,,
ui_zm_characterClient_2,1,0,0,g,p,-1,,,z,,,,# player entity number,,,,
ui_zm_characterClient_3,1,0,0,g,p,-1,,,z,,,,# player entity number,,,,
ui_zm_character_0,1,0,0,g,i,-1,-1,40,z,,,,# character/costume index,,,,
ui_zm_character_1,1,0,0,g,i,-1,-1,40,z,,,,# character/costume index,,,,
ui_zm_character_2,1,0,0,g,i,-1,-1,40,z,,,,# character/costume index,,,,
ui_zm_character_3,1,0,0,g,i,-1,-1,40,z,,,,# character/costume index,,,,
ui_zm_instakill,1,0,0,g,t,0,,,z,,,,# instakill powerup end time,,,,
ui_zm_doublepoints,1,0,0,g,t,0,,,z,,,,# double points powerup  end time,,,,
ui_zm_flamethrower,1,0,0,g,t,0,,,z,,,,# flamethrower powerup  end time,,,,
ui_zm_bazooka,1,0,0,g,t,0,,,z,,,,# bazooka powerup  end time,,,,
ui_zm_panzerschreck,1,0,0,g,t,0,,,z,,,,# panzerschreck powerup  end time,,,,
ui_zm_firesale,1,0,0,g,t,0,,,z,,,,# firesale powerup  end time,,,,
ui_zm_camo,1,0,1,c,t,0,,,z,,,,# camoflauge killstreak  end time,,,,
ui_zm_overcharge,1,0,0,g,t,0,,,z,,,,# overcharged  end time,,,,
ui_zm_infinite_ammo,1,0,0,g,t,0,,,z,,,,# infinit ammo end time,,,,
ui_zm_powerdown,1,0,0,g,t,0,,,z,,,,# powerdown duration for failing to resuce civi,,,,
ui_zm_intermission_swaptime_1,1,1,,g,i,0,0,12,z,,,,time until swapping from roundend summary to scoreboard in intermission,,,,
ui_zm_intermission_swaptime_2,1,1,,g,i,0,0,12,z,,,,time until swapping from scoreboard to nothing in intermission,,,,
ui_zm_round_countdown,1,1,,g,i,0,0,31,z,,,,time until round start,,,,
ui_zm_round_number,1,1,,g,i,0,0,9999,z,,,,,,,,
ui_zm_round_type,1,1,,g,i,0,0,31,z,,,,what type of round it is(normal, dog, host, etc.. ),,,,
ui_zm_round_start,1,,,g,t,0,,,z,,,,timestamp of when round started,,,,
ui_zm_award_points,,1,,c,i,0,-8388608,8388607,z,,,,Score value change,,,,
ui_zm_ee_player_index,1,0,,g,p,-1,,,z,,,,Generic Easter Egg player index,,,,
ui_zm_ee_int,1,0,1,c,i,0,-100,100,z,,,,Generic Easter Egg Int,,,,
ui_zm_ee_int2,1,,,g,t,0,,,z,,,,Generic Easter Egg Int2,,,,
ui_zm_ee_bool,1,0,,g,b,0,,,z,,,,Generic Easter Egg Bool,,,,
ui_zm_ee_bool2,1,0,,c,b,0,,,z,,,,Generic Easter Egg Bool2,,,,
ui_zm_character_0_alive,1,0,0,g,b,-1,,,z,,,,#player entity number,,,,
ui_zm_character_1_alive,1,0,0,g,b,-1,,,z,,,,#player entity number,,,,
ui_zm_character_2_alive,1,0,0,g,b,-1,,,z,,,,#player entity number,,,,
ui_zm_character_3_alive,1,0,0,g,b,-1,,,z,,,,#player entity number,,,,
ui_zm_character_0_bleedout_endtime,1,1,0,g,t,0,,,z,,,,,,,,
ui_zm_character_1_bleedout_endtime,1,1,0,g,t,0,,,z,,,,,,,,
ui_zm_character_2_bleedout_endtime,1,1,0,g,t,0,,,z,,,,,,,,
ui_zm_character_3_bleedout_endtime,1,1,0,g,t,0,,,z,,,,,,,,
ui_zm_hud_static,1,,1,c,i,0,0,2,z,,,,0=off, 1=low, 2=full,,,,
ui_zm_perk_order,0,,1,c,i,0,0,1048575,z,,,,#20 bits. 0=None, 1=health, 2=reload, 3=revive, 4=stabilizer, 5=slam, 6=tactivalArmor,,,,
ui_zm_previous_zone_name,1,1,0,c,s,unknown,,,z,,,,zone the player just left,,,,
ui_zm_current_zone_name,1,1,0,c,s,unknown,,,z,,,,zone the player is entering,,,,
ui_zm_player_0_zone_name,1,1,0,g,s,unknown,,,z,,,,zone this clientnum is in,,,,
ui_zm_player_1_zone_name,1,1,0,g,s,unknown,,,z,,,,zone this clientnum is in,,,,
ui_zm_player_2_zone_name,1,1,0,g,s,unknown,,,z,,,,zone this clientnum is in,,,,
ui_zm_player_3_zone_name,1,1,0,g,s,unknown,,,z,,,,zone this clientnum is in,,,,
ui_zm_quest_hint_0,1,0,0,c,i,0,0,255,z,,,,hint for quest 0,,,,
ui_zm_quest_hint_1,1,0,0,c,i,0,0,255,z,,,,hint for quest 1,,,,
ui_zm_quest_hint_2,1,0,0,c,i,0,0,255,z,,,,hint for quest 2,,,,
ui_zm_step_hint_0,1,0,0,c,i,0,0,255,z,,,,hint for quest 0s step,,,,
ui_zm_step_hint_1,1,0,0,c,i,0,0,255,z,,,,hint for quest 1s step,,,,
ui_zm_step_hint_2,1,0,0,c,i,0,0,255,z,,,,hint for quest 2s step,,,,
ui_zm_has_quest_item_bits_0,1,0,1,c,i,0,0,8388607,z,,,,# Max value is ( 2 ^ ( floating point significand bit count ) ), holding the first 23 quest items,,,,
ui_zm_has_quest_item_bits_1,1,0,1,c,i,0,0,8388607,z,,,,# Max value is ( 2 ^ ( floating point significand bit count ) ), holding the next 23 quest items,,,,
ks_selectedIndex,1,,1,c,i,0,-1,110,z,,,,Duplicated omnvar with archive set to 1 for zombies hud,,,,
ui_energy_ammo,1,,1,c,f,1,0,2,z,,,,Duplicated omnvar with archive set to 1 for zombies hud,,,,
ui_zm_token_count,1,,,c,i,0,-1,9999,z,,,,Number of tokens the player currently has,,,,
ui_zm_free_role_use,1,1,0,c,b,0,,,z,,,,If a pickup has granted a free role ability use,,,,
zm_unlimited_ammo,1,0,1,c,b,0,,,z,,,,,,,,
ui_zm_juggernog,1,0,1,c,i,-1,-1,6,z,,,,,,,,
ui_zm_fastreload,1,0,1,c,i,-1,-1,6,z,,,,,,,,
ui_zm_punchperk,1,0,1,c,i,-1,-1,6,z,,,,,,,,
ui_zm_runperk,1,0,1,c,i,-1,-1,6,z,,,,,,,,
ui_zm_quickrevive,1,0,1,c,i,-1,-1,6,z,,,,,,,,
ui_zm_electriccherry,1,0,1,c,i,-1,-1,6,z,,,,,,,,
ui_zm_doubletap,1,0,1,c,i,-1,-1,6,z,,,,,,,,
ui_hub_enable_pause,1,1,0,c,b,1,0,1,,,,,,,,,
ui_show_scorestreak_training_hud,1,1,0,c,i,0,0,999999,,,,,,,,,
ui_show_onevone_officer_hud,1,1,0,c,i,0,-1,999999,m,,,,,,,,
ui_show_supply_drop_selection,1,1,0,c,b,0,,,,,,,,,,,
ui_show_hub_leaderboard,1,1,0,c,i,0,0,999999,,,,,,,,,
ui_hud_vendor_interact_distance,1,1,0,g,i,600,0,999999,,,,,,,,,
ui_onevone_show_class_menu,1,1,0,c,i,0,-1,999999,,,,,#NAME?,,,,
ui_onevone_class_1,1,1,0,c,i,0,-1,999999,,,,,#NAME?,,,,
ui_onevone_class_2,1,1,0,c,i,0,-1,999999,,,,,#NAME?,,,,
ui_onevone_class_3,1,1,0,c,i,0,-1,999999,,,,,#NAME?,,,,
ui_onevone_class_4,1,1,0,c,i,0,-1,999999,,,,,#NAME?,,,,
ui_onevone_class_5,1,1,0,c,i,0,-10,999999,,,,,#NAME?,,,,
ui_onevone_opponent_client_num,1,1,0,c,i,0,-1,999999,,,,,#clientId of player you are facing in 1v1,,,,
ui_hide_1v1scores,1,,,c,b,1,,,,,,,,,,,
ui_show_skip_killcam,1,1,0,c,b,0,,,,,,,,,,,
ui_hide_minimap,1,,,c,b,0,,,,,,,,,,,
ui_hide_hud,1,,,c,b,0,,,,,,,,,,,
ui_raid_objective_index_allies,1,0,,g,i,-1,-1,63,m,,,,objective index for allies (defined per-map),,,,
ui_raid_objective_index_axis,1,0,,g,i,-1,-1,63,m,,,,objective index for axis (defined per-map),,,,
ui_raid_boundary_timer,1,0,,c,f,0,,,m,,,,boundary timer,,,,
ui_raid_boundary_type,1,0,,c,i,-1,-1,3,m,,,,boundary type (0=active, 1=incoming, 2=death, 3=active boundary & no timer),,,,
ui_enter1v1,1,1,0,c,b,0,0,999999,m,,,,,,,,
ui_daily_challenge_idx,1,1,,c,i,-1,-1,2046,,,,,,,,,
ui_enterShootout,1,1,0,c,b,0,0,999999,m,,,,,,,,
ui_vendor_set_up_ready,1,1,0,c,b,0,0,999999,m,,,,,,,,
char_scene_state,1,0,0,c,i,0,0,255,,,,,,,,,
ui_hub_1v1_timer,1,,,g,t,0,,,,,,,,,,,
ui_zm_free_ability,1,,,c,b,0,0,1,z,,,,#Determine if the player has a free ability,,,,
ui_zm_consumable_count0,1,1,0,c,i,0,0,999,z,,,,,,,,
ui_zm_consumable_count1,1,1,0,c,i,0,0,999,z,,,,,,,,
ui_zm_consumable_ref0,1,1,0,c,i,-1,-1,96,z,,,,,,,,
ui_zm_consumable_ref1,1,1,0,c,i,-1,-1,96,z,,,,,,,,
ui_zm_hud_vis_bits,1,1,0,c,i,0,0,65535,z,,,,Used to introduce widgets one by one during zombie tutorial. If a bit associated with a widget is 0, the widget shall be hidden,,,,
ui_damage_flash,1,1,,c,b,0,,,,,,1,,,,,
ui_fullscreen_dirt_left,1,1,,c,b,0,,,,,,,,,,,
ui_hub_1v1_queueposition,1,1,0,c,i,0,-1,999999,,,,,#Current position in 1v1 queue, -1 for not in queue,,,,
ui_vl_monitor_started,1,1,0,c,b,0,0,1,,,,,has the server started monitoring the VL,,,,
ui_hub_shootout_opponent_client_num,1,1,0,c,i,0,-1,999999,,,,,#shootout opponent,,,,
ui_hub_shootout_intro_countdown,1,1,0,c,i,0,0,999999,,,,,#shootout intro countdown,,,,
ui_hub_in_1v1,1,1,0,c,i,0,0,999999,,,,,is player in a 1v1. 1 = normal mode. 2 = gun game.,,,,
ui_hub_in_theater,1,1,0,c,i,0,0,999999,,,,,is player watching video in theater,,,,
ui_hub_in_firingrange,1,1,0,c,b,0,0,1,,,,,is player in firing range,,,,
ui_hub_prep_supplydrop,1,1,0,c,i,0,0,999999,,,,,is player about to open a supply drop,,,,
ui_hub_opening_supplydrop,1,1,0,c,i,0,0,999999,,,,,is player opening supply drop,,,,
ui_hub_in_shootout,1,1,0,c,i,0,0,999999,,,,,is player in a shootout,,,,
ui_hub_in_flakgun,1,1,0,c,i,0,0,999999,,,,,is player manning a flak gun,,,,
ui_hub_at_vendor,1,1,0,c,i,0,0,999999,,,,,is player at any vendor screen,,,,
ui_hub_in_timer_tag,1,1,0,c,i,0,0,2,,,,,is player playing timertag, 1 for yes and no bomb, 2 for yes and has bomb, 0 for not in tag,,,,
blockPlaylistUpdateWarning,1,,,c,b,0,0,1,m,,,,gsc can temporarily lock the playlist update warning if the player is participating in special activities in the hub,,,,
ui_player_splash_id_0,1,1,,c,i,-1,-1,8190,,,,,,,,,
ui_player_splash_id_1,1,1,,c,i,-1,-1,8190,,,,,,,,,
ui_player_splash_id_2,1,1,,c,i,-1,-1,8190,,,,,,,,,
ui_player_splash_id_3,1,1,,c,i,-1,-1,8190,,,,,,,,,
ui_player_splash_id_4,1,1,,c,i,-1,-1,8190,,,,,,,,,
ui_player_splash_id_5,1,1,,c,i,-1,-1,8190,,,,,,,,,
ui_player_splash_param_0,1,1,,c,i,-1,-1,999999,,,,,,,,,
ui_player_splash_param_1,1,1,,c,i,-1,-1,999999,,,,,,,,,
ui_player_splash_param_2,1,1,,c,i,-1,-1,999999,,,,,,,,,
ui_player_splash_param_3,1,1,,c,i,-1,-1,999999,,,,,,,,,
ui_player_splash_param_4,1,1,,c,i,-1,-1,999999,,,,,,,,,
ui_player_splash_param_5,1,1,,c,i,-1,-1,999999,,,,,,,,,
ui_war_active_sector,1,,,g,i,0,0,12,m,,,,,,,,
ui_war_ctf_capture_count,1,,,g,i,-1,-1,32,m,,,,# -1 indicates ctf objectives are not in use.,,,,
ui_war_overtime_starttime,1,,,g,t,0,,,m,,,,,,,,
ui_war_overtime_endtime,1,,,g,t,0,,,m,,,,,,,,
ui_war_overtime_maxed,1,,,g,b,0,0,1,m,,,,,,,,
ui_war_attacker_sector1_completion_time,1,,,g,t,0,,,m,,,,,,,,
ui_war_attacker_sector2_completion_time,1,,,g,t,0,,,m,,,,,,,,
ui_war_attacker_sector3_completion_time,1,,,g,t,0,,,m,,,,,,,,
ui_war_attacker_sector4_completion_time,1,,,g,t,0,,,m,,,,,,,,
ui_war_objective_starttime,1,,,g,t,0,,,m,,,,,,,,
ui_zm_contexthint_data,1,,,c,i,0,0,4095,z,,,,# Type of contextual hint we want to show. 4 bits: type, 8bits: payload (12 bits),,,,
ui_war_pause_timer,1,,,g,i,0,0,1,m,,,,,,,,
ui_war_attacker_team,1,,,g,i,0,0,4,m,,,,# Team index of attacking side,,,,
ui_war_attacker_flipped,1,,,g,b,0,,,m,,,,used when attacking and defending roles switch to ensure proper 3d world icons,,,,
ui_zm_interaction_flags,1,,,c,i,0,0,1048575,z,,,,# Type of contextual hint we want to show. 4 bits: type, 12bits: payload,,,,,
ui_zm_interaction_data,1,,,c,i,0,0,1048575,z,,,,# Type of contextual hint we want to show 16bit: cost (could be packed) (32 bits),,,,
ui_show_division_rifle_ability_prompt,1,,,c,b,0,,,,,,,,,,,
ui_show_division_smg_ability_prompt,1,1,,c,b,0,,,,,,,,,,,
ui_show_division_lmg_ability_prompt,1,,,c,b,0,,,,,,,,,,,
ui_show_division_shotgun_ability_prompt,1,1,,c,b,0,,,,,,,,,,,
ui_show_division_sniper_ability_prompt,1,,,c,b,0,,,,,,,# Hold Breath Prompt,,,,
ui_show_division_resistance_ability_prompt,1,1,,c,b,0,,,,,,,,,,,
ui_show_paratrooper_insert_descent_prompt,1,1,,c,b,0,,,,,,,,,,,
ui_show_rifle_grenade_ability_prompt,1,1,,c,b,0,,,,,,,,,,,
ui_show_shield_charge_ability_prompt,1,,,c,b,0,,,,,,,,,,,
ui_show_m30_rifle_altmode_prompt,1,1,,c,b,0,,,,,,,,,,,
ui_show_zk383_smg_altmode_prompt,1,1,,c,b,0,,,,,,,,,,,
ui_show_left_clip_ammo,1,,,c,b,0,,,,,,,# Used with Akimbo,,,,
ui_lmg_mount_state,1,,,c,b,0,,,m,,,,# 0 = unmounted, 1 = mounted,,,,
ui_zm_last_alive_prompt,1,,,g,b,0,,,z,,,,#If the prompt should be shown for the last living player,,,,
ui_mp_carepackage_scorestreak,1,,,c,i,0,1,20,m,,,,,,,,
ui_mp_carepackage_team,1,,,c,i,0,0,2,m,,,,0=none,1=axis,2=allies,,,,
ui_mp_carepackage_owner,,,,c,i,-1,-1,59,m,,,,# [-1, max_clients ),,,,
ui_dragon_breath_state,1,1,,c,i,1,-1,1,,,,,-1= Unavailable, 0=available, 1=equipped,,,,
ui_suppressor_state,1,,,c,i,-1,-1,1,,,,,-1= Unavailable, 0=available, 1=equipped,,,,
ui_resistance_state,1,,,c,i,-1,-1,3,,,,,-1= Unavailable, 0=disabled scrambler, 1=enabled scrambler, 2 = disabled scrambler & indicator, 3 = enabled scrambler & indicator,,,,
ui_rifle_grenade_state,1,1,,c,i,1,-1,1,,,,,-1= Unavailable, 0=available, 1=equipped,,,,
ui_m30_rifle_state,1,,,c,i,-1,-1,1,,,,,-1= Unavailable, 0=available, 1=equipped,,,,
ui_zk383_smg_state,1,,,c,i,-1,-1,1,,,,,-1= Unavailable, 0=available, 1=equipped,,,,
ui_zm_points_0,1,,,g,i,0,-9999999,9999999,z,,,,,,,,
ui_zm_points_1,1,,,g,i,0,-9999999,9999999,z,,,,,,,,
ui_zm_points_2,1,,,g,i,0,-9999999,9999999,z,,,,,,,,
ui_zm_points_3,1,,,g,i,0,-9999999,9999999,z,,,,,,,,
ui_zm_can_use_consumable,1,1,,c,b,1,,,z,,,,,,,,
ui_zm_selected_quest_item,1,1,,c,i,-1,-1,21,z,,,,,,,,
ui_zm_owns_quest_items,1,1,,c,i,0,0,21,z,,,,# bitfield for owned quest items that will be showed in the item cycler,,,,
ui_zm_waypoint_ents_type,1,,,g,i,0,0,2,z,,,,# Control enumeration for zm_QuestWaypointLayout widget,,,,
ui_zm_waypoint_ent_a,1,,,g,i,0,-1,2046,z,,,,# generic ent number for zm_QuestWaypointLayout widget,,,,
ui_zm_waypoint_float_a,1,,,g,f,0,-1,1,z,,,,# generic float for zm_QuestWaypointLayout widget,,,,
ui_zm_waypoint_ent_b,1,,,g,i,0,-1,2046,z,,,,# generic ent number for zm_QuestWaypointLayout widget,,,,
ui_zm_waypoint_float_b,1,,,g,f,0,-1,1,z,,,,# generic float for zm_QuestWaypointLayout widget,,,,
ui_hub_fte_character_select,1,,,c,i,0,0,1,,,,,#used for opening the character select in the first time experience,,,,
ui_show_fte_division_select,1,1,0,c,i,0,0,1,,,,,#used for opening the division select in the first time experience,,,,
ui_fte_welcome_message_status,1,1,0,c,i,0,0,2,,,,,#used for opening the welcome message in the first time experience,,,,
ui_fte_tutorial_completed,1,1,0,c,i,0,0,999999,,,,,#used for notifying lui about the fte tutorial ending,,,,
zm_blitz_items_limit,1,,,c,i,4,0,7,z,,,,# Max number of blitz item a player can have,,,,
ui_hub_is_preoccupied,1,,,c,b,0,,,,,,,# is player preoccupied,,,,
ui_war_vignette_active_allies,1,,,g,i,0,0,1,m,,,,,,,,
ui_war_vignette_active_axis,1,,,g,i,0,0,1,m,,,,,,,,
hub_fte_reset_intro,1,,,c,i,0,0,1,,,,,#used to play recruiter character scene in first time experience,,,,
ui_hub_show_social_pause,1,1,0,c,b,0,,,,,,,,,,,
hub_hide_killfeed,1,1,,c,i,0,0,1,m,,,,#used to hide killfeed when opening supply drop,,,,
ui_fge_planes_remaining,1,,,g,i,0,0,999999,m,,,,#used in the flak gun event for planes remaining,,,,
ui_fge_carepackages_remaining,1,,,g,i,0,0,999999,m,,,,#used in the flak gun event for care packages remaining,,,,
ui_fge_carepackages_secured,1,,,g,i,0,0,999999,m,,,,#used in the flak gun event for carepackages secured,,,,
ui_fge_timeRemaining,1,,,g,i,0,0,999999,m,,,,#used in the flak gun event for carepackages secured,,,,
ui_flak_gun_event,1,,,g,b,0,,,,,,,#used by ui for flak fun event,,,,
ui_fge_planes_shot_down,1,,,g,i,0,0,999999,m,,,,#used in the flak gun event for tracking planes shot down,,,,
ui_one_v_one_champion_clientNum,1,,,g,p,-1,,,m,,,,#client num of the current champion of the one v one arena. we can expand this to mulitple arenas later,,,,
ui_party_manipulation_enabled,1,1,0,c,b,1,0,1#allow the party joining system to manipulate the UI,,,,,,,,,
ui_hintstring_client_text_replacement,1,0,0,c,i,0,-999999,999999,,,,,#used to override hint string text per client,,,,
ui_ph_matching_slope,1,,1,c,b,0,0,1,m,,,,#whether or not a prop is matching slope of the terrain it's locked on,,,,
ui_ph_is_locked,1,,1,c,b,0,0,1,m,,,,#whether or not a prop is locked in place,,,,
ui_ph_num_changes_left,1,,1,c,i,0,0,8,m,,,,#number of times a prop can change to a different prop,,,,
ui_ph_num_flashes_left,1,,1,c,i,0,0,8,m,,,,#number of times a prop can use it's "flash" ability,,,,
ui_ph_num_clones_left,1,,1,c,i,0,0,8,m,,,,#number of times a prop can drop a clone of itself,,,,
ui_ph_whistle_countdown,1,,,g,i,0,0,120,m,,,,#timer for when a whistle occurs,,,,
ui_show_overview_map_icons,1,1,,c,b,1,0,1,,,,,#used to show/hide map icons on the pause_overview menu,,,,
ui_zm_blitz_0,1,,,g,i,0,0,262143,z,,,,#stores players blitz ( 6 blitz totals, 3 bit * 6),,,,
ui_zm_blitz_1,1,,,g,i,0,0,262143,z,,,,#stores players blitz ( 6 blitz totals, 3 bit * 6),,,,
ui_zm_blitz_2,1,,,g,i,0,0,262143,z,,,,#stores players blitz ( 6 blitz totals, 3 bit * 6),,,,
ui_zm_blitz_3,1,,,g,i,0,0,262143,z,,,,#stores players blitz ( 6 blitz totals, 3 bit * 6),,,,
ui_zm_turret_health,1,,1,c,f,0,0,1,z,,,,#stores health percentage for mp_zombie_island. Not used in other maps,,,,
ui_raid_vehicle_overheat_percent,1,1,,c,f,0,0,100,m,,,,,,,,
ui_raid_vehicle_health_percent,1,1,,c,f,1,0,1,m,,,,,,,,
ui_raid_vehicle_target_health_percent,1,1,,c,f,1,0,1,m,,,,,,,,
ui_raid_vehicle_target_ent_num,1,,,c,i,-1,-1,999999,m,,,,,,,,
ui_escalation_active,1,1,1,c,b,0,,,m,,,,#whether the boosts from the Escalation BT are active,,,,
specialistPoints,1,1,1,c,i,0,0,65535,m,,,,,,,,
ui_zm_gamemode_mod,1,,,g,i,0,0,2,z,,,,,,,,
ui_zm_rs_active,1,,,g,i,0,0,2,z,,,,,,,,
